Query,Found_By,DSSTox_Substance_Id,DSSTox_Structure_Id,DSSTox_QC-Level,Substance_Name,Substance_CASRN,Substance_Type,Substance_Note,Structure_SMILES,Structure_InChI,Structure_InChIKey,Structure_Formula,Structure_MolWt,Structure_SMILES_2D-QSAR,DateModified,Smiles,ACD_pKa_IonicForm_Apparent,ACD_pKa_Basic_Apparent_1,ACD_pKa_Basic_Error_Apparent_1,ACD_pKa_Basic_DissAtom_Apparent_1,ACD_pKa_Basic_DissType_Apparent_1,ACD_pKa_Basic_Equation_Apparent_1,ACD_pKa_Basic_GroupName_Apparent_1,ACD_pKa_Basic_AccuracyExplanation_Apparent_1,ACD_pKa_Basic_All_Apparent_1,ACD_pKa_Caution_Apparent,ACD_pKa_Acidic_Apparent_1,ACD_pKa_Acidic_Error_Apparent_1,ACD_pKa_Acidic_DissAtom_Apparent_1,ACD_pKa_Acidic_DissType_Apparent_1,ACD_pKa_Acidic_Equation_Apparent_1,ACD_pKa_Acidic_GroupName_Apparent_1,ACD_pKa_Acidic_All_Apparent_1,ACD_pKa_Warning_Apparent,ACD_pKa_Acidic_AccuracyExplanation_Apparent_1,Formula,FW
79622-59-6,CAS-RN matched <b>null</b>,DTXSID7032551,DTXCID5012551,DSSTox_Low,Fluazinam,79622-59-6,Single Compound,,[O-][N+](=O)C1=CC(=C(Cl)C(=C1NC1=C(Cl)C=C(C=N1)C(F)(F)F)[N+]([O-])=O)C(F)(F)F,"InChI=1S/C13H4Cl2F6N4O4/c14-6-1-4(12(16,17)18)3-22-11(6)23-9-7(24(26)27)2-5(13(19,20)21)8(15)10(9)25(28)29/h1-3H,(H,22,23)
AuxInfo=1/1/N:6,13,2,5,14,4,11,12,9,10,3,26,22,8,15,27,28,29,23,24,25,1,7,19,16,20,21,17,18/E:(16,17,18)(19,20,21)(26,27)(28,29)/CRV:24.5,25.5/rA:29NCCCCCNClCCCCCCClN+O-ON+O-OCFFFCFFF/rB:d1;s1;d3;s2;s4d5;s3;s4;s7;d9;s9;s10;d11;d12s13;s12;s10;s16;d16;s11;s19;d19;s14;s22;s22;s22;s5;s26;s26;s26;/rC:5.3271,-4.4037,0;3.9918,-5.1851,0;5.3271,-2.8838,0;3.9918,-2.1167,0;2.6565,-4.4037,0;2.6565,-2.8838,0;6.634,-2.1167,0;3.9918,-.5824,0;8.8785,-3.0684,0;10.2139,-2.3013,0;8.8785,-4.5884,0;11.5492,-3.0684,0;10.2139,-5.3698,0;11.5492,-4.5884,0;12.8703,-2.3013,0;10.2139,-.7671,0;8.8785,0,0;11.5492,0,0;7.5574,-5.3698,0;7.5574,-6.9039,0;6.3357,-4.5742,0;12.8703,-5.3698,0;12.1032,-6.7051,0;13.6374,-4.0344,0;14.2056,-6.1227,0;1.3353,-5.1851,0;.554,-3.8497,0;2.0882,-6.5204,0;0,-5.938,0;
",UZCGKGPEKUCDTF-UHFFFAOYSA-N,C13H4Cl2F6N4O4,465.0899963,[O-][N+](=O)C1=CC(=C(Cl)C(=C1NC1=C(Cl)C=C(C=N1)C(F)(F)F)[N+]([O-])=O)C(F)(F)F,20170228,[O-][N+](=O)C1=CC(=C(Cl)C(=C1NC1=C(Cl)C=C(C=N1)C(F)(F)F)[N+]([O-])=O)C(F)(F)F,L,-1.433,0.1,18,MB,HL/H+L,NH+ acids,Adjacent Reaction Center,pKa(HL/H+L; 18) = -1.43+/-0.10,,,,,,,,,,,C13H4Cl2F6N4O4,465.0917
99-65-0,CAS-RN matched <b>null</b>,DTXSID9024065,DTXCID204065,DSSTox_Low,"1,3-Dinitrobenzene",99-65-0,Single Compound,,[O-][N+](=O)C1=CC(=CC=C1)[N+]([O-])=O,"InChI=1S/C6H4N2O4/c9-7(10)5-2-1-3-6(4-5)8(11)12/h1-4H
AuxInfo=1/0/N:3,2,4,6,1,5,7,10,8,9,11,12/E:(2,3)(5,6)(7,8)(9,10,11,12)/CRV:7.5,8.5/rA:12CCCCCCN+O-ON+O-O/rB:d1;s2;d3;s4;s1d5;s1;s7;d7;s5;s10;d10;/rC:4.6135,-2.6629,0;5.3812,-3.9978,0;4.6135,-5.3259,0;3.071,-5.3259,0;2.3032,-3.9978,0;3.071,-2.6629,0;5.3812,-1.335,0;4.6135,0,0;6.9167,-1.335,0;.7678,-3.9978,0;0,-5.3259,0;0,-2.6629,0;
",WDCYWAQPCXBPJA-UHFFFAOYSA-N,C6H4N2O4,168.1080017,[O-][N+](=O)C1=CC(=CC=C1)[N+]([O-])=O,20170228,[O-][N+](=O)C1=CC(=CC=C1)[N+]([O-])=O,,,,,,,,,,The structure does not contain ionization centers calculated by current version of ACD/pKa,,,,,,,,,,C6H4N2O4,168.107
302-79-4,CAS-RN matched <b>null</b>,DTXSID7021239,DTXCID001239,DSSTox_High,all-trans-Retinoic acid,302-79-4,Single Compound,,C\C(\C=C\C1=C(C)CCCC1(C)C)=C/C=C/C(/C)=C/C(O)=O,"InChI=1S/C20H28O2/c1-15(8-6-9-16(2)14-19(21)22)11-12-18-17(3)10-7-13-20(18,4)5/h6,8-9,11-12,14H,7,10,13H2,1-5H3,(H,21,22)/b9-6+,12-11+,15-8+,16-14+
AuxInfo=1/1/N:19,18,20,21,22,8,17,12,11,15,5,2,16,6,10,9,3,1,7,4,13,14/E:(4,5)(21,22)/rA:22CCCCCCCCCCCCOOCCCCCCCC/rB:s1;d1;s1;d+2;;s6;;d+6;s5;d+8s9;s8d+10;d7;s7;s3;s4;s15s16;s9;s10;s3;s4;s4;/rC:2.7668,-2.4781,0;4.1005,-1.7081,0;1.4331,-1.7081,0;2.7668,-4.0181,0;5.4342,-2.4781,0;13.4363,-2.4781,0;14.7699,-1.7081,0;9.4352,-1.7081,0;12.1026,-1.7081,0;6.7679,-1.7081,0;10.7689,-2.4781,0;8.1015,-2.4781,0;16.1036,-2.4781,0;14.7699,-.1681,0;.0995,-2.4781,0;1.4331,-4.7881,0;.0995,-4.0181,0;12.1026,-.1681,0;6.7679,-.1681,0;1.4349,-.0198,0;3.0182,-5.9781,0;4.5182,-4.1448,0;
",SHGAZHPCJJPHSC-YCNIQYBTSA-N,C20H28O2,300.4419861,C\C(\C=C\C1=C(C)CCCC1(C)C)=C/C=C/C(/C)=C/C(O)=O,20170228,C\C(\C=C\C1=C(C)CCCC1(C)C)=C/C=C/C(/C)=C/C(O)=O,HL,,,,,,,,,,4.728,0.33,21,MA,HL/H+L,OH acids,pKa(HL/H+L; 21) = 4.73+/-0.33,,,C20H28O2,300.4351
81-81-2,CAS-RN matched <b>null</b>,DTXSID5023742,DTXCID703742,DSSTox_Low,Warfarin,81-81-2,Single Compound,,CC(=O)CC(C1=CC=CC=C1)C1=C(O)C2=CC=CC=C2OC1=O,"InChI=1/C19H16O4/c1-12(20)11-15(13-7-3-2-4-8-13)17-18(21)14-9-5-6-10-16(14)23-19(17)22/h2-10,15,21H,11H2,1H3
AuxInfo=1/0/N:14,19,18,20,2,1,17,21,3,6,12,13,16,4,11,5,10,22,8,15,23,9,7/E:(3,4)(7,8)/rA:23CCCCCCOCOCCCCCOCCCCCCCO/rB:d1;s2;d3;s4;s1d5;s5;s7;d8;s8;s10;s11;s12;s13;d13;s11;d16;s17;d18;s19;s16d20;s4d10;s22;/rC:10.0005,-4.0002,0;9.2304,-5.3303,0;7.6904,-5.3303,0;6.9203,-4.0002,0;7.6904,-2.6601,0;9.2304,-2.6601,0;6.9203,-1.33,0;5.3802,-1.33,0;4.6202,0,0;4.6202,-2.6601,0;3.0801,-2.6601,0;2.3101,-1.33,0;.7701,-1.33,0;0,-2.6601,0;;2.3101,-4.0002,0;3.0801,-5.3303,0;2.3101,-6.6603,0;.7701,-6.6603,0;0,-5.3303,0;.7701,-4.0002,0;5.3802,-4.0002,0;4.6202,-5.3303,0;
",PJVWKTKQMONHTI-UHFFFAOYNA-N,C19H16O4,308.3330078,CC(=O)CC(C1=CC=CC=C1)C1=C(O)C2=CC=CC=C2OC1=O,20170228,CC(=O)CC(C1=CC=CC=C1)C1=C(O)C2=CC=CC=C2OC1=O,HL,,,,,,,,,,4.5,1,14,MA,HL/H+L,OH acids,pKa(HL/H+L; 14) = 4.50+/-1.00,Warning! An Essential difference may take place between experimental and calculated pKa values: the vinylogy is present,Vinilogy,C19H16O4,308.3279
140-66-9,CAS-RN matched <b>null</b>,DTXSID9022360,DTXCID602360,DSSTox_High,"4-(1,1,3,3-Tetramethylbutyl)phenol",140-66-9,Single Compound,,CC(C)(C)CC(C)(C)C1=CC=C(O)C=C1,"InChI=1S/C14H22O/c1-13(2,3)10-14(4,5)11-6-8-12(15)9-7-11/h6-9,15H,10H2,1-5H3
AuxInfo=1/0/N:11,12,13,14,15,3,7,4,6,9,2,5,10,1,8/E:(1,2,3)(4,5)(6,7)(8,9)/rA:15CCCCCCCOCCCCCCC/rB:s1;d2;s3;d4;s5;s2d6;s5;s1;s9;s10;s10;s10;s1;s1;/rC:3.8392,-1.4202,0;5.1771,-2.1808,0;6.5056,-1.4202,0;7.8343,-2.1808,0;7.8343,-3.7109,0;6.5056,-4.4898,0;5.1771,-3.7109,0;9.1629,-4.4898,0;3.0696,-2.7488,0;1.5485,-2.7488,0;0,-3.1429,0;.3299,-.9987,0;1.2003,-4.5082,0;2.8588,0,0;4.6181,-.0917,0;
",ISAVYTVYFVQUDY-UHFFFAOYSA-N,C14H22O,206.329,CC(C)(C)CC(C)(C)C1=CC=C(O)C=C1,20170228,CC(C)(C)CC(C)(C)C1=CC=C(O)C=C1,HL,,,,,,,,,,10.152,0.15,13,MA,HL/H+L,OH acids,pKa(HL/H+L; 13) = 10.15+/-0.15,,,C14H22O,206.3239
15687-27-1,CAS-RN matched <b>null</b>,DTXSID5020732,DTXCID90732,DSSTox_Low,Ibuprofen,15687-27-1,Single Compound,,CC(C)CC1=CC=C(C=C1)C(C)C(O)=O,"InChI=1/C13H18O2/c1-9(2)8-11-4-6-12(7-5-11)10(3)13(14)15/h4-7,9-10H,8H2,1-3H3,(H,14,15)
AuxInfo=1/1/N:11,12,1,5,7,4,8,9,10,2,6,3,13,14,15/E:(1,2)(4,5)(6,7)(14,15)/rA:15CCCCCCCCCCCCCOO/rB:s1;s2;d3;s4;d5;s6;s3d7;s6;s9;s10;s10;s2;d13;s13;/rC:2.6688,0,0;2.6688,-1.5372,0;4.0032,-2.3059,0;5.3376,-1.5372,0;6.672,-2.3059,0;6.672,-3.8538,0;5.3376,-4.6224,0;4.0032,-3.8538,0;8.0064,-4.6224,0;9.3407,-3.8538,0;10.6752,-4.6224,0;9.3407,-2.3059,0;1.3344,-2.3059,0;1.3344,-3.8538,0;0,-1.5372,0;
",HEFNNWSXXWATRW-UHFFFAOYNA-N,C13H18O2,206.2850037,CC(C)CC1=CC=C(C=C1)C(C)C(O)=O,20170228,CC(C)CC1=CC=C(C=C1)C(C)C(O)=O,HL,,,,,,,,,,4.411,0.1,14,MA,HL/H+L,OH acids,pKa(HL/H+L; 14) = 4.41+/-0.10,,,C13H18O2,206.2808
500-38-9,CAS-RN matched <b>null</b>,DTXSID5022437,DTXCID702437,DSSTox_High,Nordihydroguaiaretic acid,500-38-9,Single Compound,no stereochem; relative stereo [27686-84-6],CC(CC1=CC(O)=C(O)C=C1)C(C)CC1=CC=C(O)C(O)=C1,"InChI=1/C18H22O4/c1-11(7-13-3-5-15(19)17(21)9-13)12(2)8-14-4-6-16(20)18(22)10-14/h3-6,9-12,19-22H,7-8H2,1-2H3
AuxInfo=1/0/N:21,22,16,15,13,14,9,10,5,6,11,12,8,7,3,4,1,2,19,20,17,18/E:(1,2)(3,4)(5,6)(7,8)(9,10)(11,12)(13,14)(15,16)(17,18)(19,20)(21,22)/rA:22CCCCCCCCCCCCCCCCOOOOCC/rB:;d1;s2;s1;d2;s6;d5;s8;s7;s9;s10s11;s3;d4;d7s14;s8d13;s1;s2;s3;s4;s11;s12;/rC:1.3147,-2.2973,0;11.9248,-.7569,0;1.3147,-.7569,0;11.9248,-2.2973,0;2.6559,-3.0808,0;10.6102,0,0;9.2955,-.7569,0;3.9706,-2.2973,0;5.2852,-3.0808,0;7.9809,0,0;6.6263,-2.2973,0;6.6263,-.7569,0;2.6559,0,0;10.6102,-3.0808,0;9.2955,-2.2973,0;3.9706,-.7569,0;0,-3.0808,0;13.2794,0,0;;13.2794,-3.0808,0;7.9809,-3.0808,0;5.2852,0,0;
",HCZKYJDFEPMADG-UHFFFAOYNA-N,C18H22O4,302.3699951,CC(CC1=CC(O)=C(O)C=C1)C(C)CC1=CC=C(O)C(O)=C1,20170228,CC(CC1=CC(O)=C(O)C=C1)C(C)CC1=CC=C(O)C(O)=C1,H4L,,,,,,,,,,9.558,0.1,21,MA,H4L/H+H3L,OH acids,pKa(H4L/H+H3L; 21) = 9.56+/-0.10,,,C18H22O4,302.3649
75-99-0,CAS-RN matched <b>null</b>,DTXSID2021575,DTXCID201575,DSSTox_Low,Dalapon,75-99-0,Single Compound,,CC(Cl)(Cl)C(O)=O,"InChI=1S/C3H4Cl2O2/c1-3(4,5)2(6)7/h1H3,(H,6,7)
AuxInfo=1/1/N:1,5,2,3,4,6,7/E:(4,5)(6,7)/rA:7CCClClCOO/rB:s1;s2;s2;s2;s5;d5;/rC:0,-2.31,0;1.54,-2.31,0;3.08,-2.31,0;1.54,-3.85,0;1.54,-.77,0;.2079,0,0;2.8721,0,0;
",NDUPDOJHUQKPAG-UHFFFAOYSA-N,C3H4Cl2O2,142.9600067,CC(Cl)(Cl)C(O)=O,20170228,CC(Cl)(Cl)C(O)=O,HL,,,,,,,,,,1.678,0.18,6,MA,HL/H+L,OH acids,pKa(HL/H+L; 6) = 1.68+/-0.18,,,C3H4Cl2O2,142.9687
105512-06-9,CAS-RN matched <b>null</b>,DTXSID6032354,DTXCID4012354,DSSTox_High,Clodinafop-propargyl,105512-06-9,Single Compound,Discover Herbicide R/S 95:5; commonly used pesticide formulations 95% (2R); 5% (2S),C[C@@H](OC1=CC=C(OC2=NC=C(Cl)C=C2F)C=C1)C(=O)OCC#C,"InChI=1S/C17H13ClFNO4/c1-3-8-22-17(21)11(2)23-13-4-6-14(7-5-13)24-16-15(19)9-12(18)10-20-16/h1,4-7,9-11H,8H2,2H3/t11-/m1/s1
AuxInfo=1/0/N:24,3,23,8,9,10,11,22,19,15,2,18,7,12,17,16,1,20,21,14,4,5,6,13/E:(4,5)(6,7)/it:im/rA:24CC.oCOOOCCCCCCONCCCCCClFCCC/rB:s1;N2;d1;s1;s2;s6;d7;s7;s8;d9;d10s11;s12;;s14;s13d14;s16;d15;d17s18;s18;s17;s5;s22;t23;/rC:17.3005,-3.5026,0;17.3005,-1.9626,0;18.6329,-1.1838,0;15.9682,-4.2638,0;18.6329,-4.2638,0;15.9682,-1.1838,0;14.6358,-1.9626,0;14.6358,-3.5026,0;13.2862,-1.1838,0;13.2862,-4.2638,0;11.9538,-1.9626,0;11.9538,-3.5026,0;10.6215,-4.2638,0;7.974,-4.2638,0;6.6418,-3.5026,0;9.2891,-3.5026,0;9.2891,-1.9626,0;6.6418,-1.9626,0;7.974,-1.1838,0;5.3094,-1.1838,0;10.6215,-1.1838,0;19.9479,-3.5026,0;21.2804,-4.2638,0;22.6126,-5.0426,0;
",JBDHZKLJNAIJNC-LLVKDONJSA-N,C17H13ClFNO4,349.74,CC(OC1=CC=C(OC2=NC=C(Cl)C=C2F)C=C1)C(=O)OCC#C,20170228,CC(OC1=CC=C(OC2=NC=C(Cl)C=C2F)C=C1)C(=O)OCC#C,L,-1.194,0.2,10,MB,HL/H+L,NH+ acids,,pKa(HL/H+L; 10) = -1.19+/-0.20,,,,,,,,,,,C17H13ClFNO4,349.7408
54965-24-1,CAS-RN matched <b>null</b>,DTXSID8021301,DTXCID101301,DSSTox_High,Tamoxifen citrate,54965-24-1,Single Compound,,OC(=O)CC(O)(CC(O)=O)C(O)=O.CC\C(=C(/C1=CC=CC=C1)C1=CC=C(OCCN(C)C)C=C1)C1=CC=CC=C1,"InChI=1S/C26H29NO.C6H8O7/c1-4-25(21-11-7-5-8-12-21)26(22-13-9-6-10-14-22)23-15-17-24(18-16-23)28-20-19-27(2)3;7-3(8)1-6(13,5(11)12)2-4(9)10/h5-18H,4,19-20H2,1-3H3;13H,1-2H2,(H,7,8)(H,9,10)(H,11,12)/b26-25-;
AuxInfo=1/1/N:22,20,21,12,27,28,24,25,23,26,16,17,19,18,6,7,10,11,15,14,5,4,3,9,2,1,8,13;30,31,37,34,32,29,38,39,35,36,33,41,40/E:(2,3)(7,8)(9,10)(11,12)(13,14)(15,16)(17,18);(1,2)(3,4)(7,8,9,10)(11,12)/gE:;(1,2)/rA:41CCCCCCCNCCCCOCCCCCCCCCCCCCCCCCCCOCOOCOOOO/rB:d-1;s1;s1;s2;s3;d3;;;d6s9;s7d9;s2;s9;s13;s8s14;s5;d5;d4;s4;s8;s8;s12;d19;d16;s17;s18;s24d25;s23d26;;s29;s29;s29;s32;s31;s34;d34;s30;d37;s37;s29;d32;/rC:4.6407,-5.3137,0;3.0861,-5.3137,0;5.4065,-4.0142,0;5.4065,-6.7291,0;2.3204,-4.0142,0;4.6407,-2.6917,0;6.9611,-4.0142,0;11.6019,-1.3922,0;6.9611,-1.3922,0;5.4065,-1.3922,0;7.75,-2.6917,0;2.3204,-6.7291,0;7.75,0,0;9.2814,0,0;10.0472,-1.3922,0;.7658,-4.0142,0;3.0861,-2.6917,0;6.9611,-6.7291,0;4.6407,-8.0516,0;12.3675,-2.6917,0;12.3675,0,0;3.0861,-8.0516,0;5.4065,-9.4207,0;0,-2.6917,0;2.3204,-1.3922,0;7.75,-8.0516,0;.7658,-1.3922,0;6.9611,-9.4207,0;19.3519,-4.8496,0;20.8833,-4.8496,0;17.7972,-4.8496,0;19.3519,-6.4043,0;18.0293,-7.1699,0;17.0315,-3.527,0;15.4537,-3.527,0;17.7972,-2.2276,0;21.6491,-3.527,0;20.8833,-2.1579,0;23.2036,-3.527,0;19.3519,-3.3181,0;20.7441,-7.1699,0;
",FQZYTYWMLGAPFJ-OQKDUQJOSA-N,C32H37NO8,563.6469727,CC\C(=C(/C1=CC=CC=C1)C1=CC=C(OCCN(C)C)C=C1)C1=CC=CC=C1,20170228,CC\C(=C(/C1=CC=CC=C1)C1=CC=C(OCCN(C)C)C=C1)C1=CC=CC=C1,L,8.691,0.28,18,MB,HL/H+L,NH+ acids,,pKa(HL/H+L; 18) = 8.69+/-0.28,,,,,,,,,,,C26H29NO,371.5146
10540-29-1,CAS-RN matched <b>null</b>,DTXSID1034187,DTXCID9014187,DSSTox_Low,Tamoxifen,10540-29-1,Single Compound,,CC\C(=C(/C1=CC=CC=C1)C1=CC=C(OCCN(C)C)C=C1)C1=CC=CC=C1,"InChI=1S/C26H29NO/c1-4-25(21-11-7-5-8-12-21)26(22-13-9-6-10-14-22)23-15-17-24(18-16-23)28-20-19-27(2)3/h5-18H,4,19-20H2,1-3H3/b26-25-
AuxInfo=1/0/N:22,20,21,12,27,28,24,25,23,26,16,17,19,18,6,7,10,11,15,14,5,4,3,9,2,1,8,13/E:(2,3)(7,8)(9,10)(11,12)(13,14)(15,16)(17,18)/rA:28CCCCCCCNCCCCOCCCCCCCCCCCCCCC/rB:d-1;s1;s1;s2;s3;d3;;;d6s9;s7d9;s2;s9;s13;s8s14;s5;d5;d4;s4;s8;s8;s12;d19;d16;s17;s18;s24d25;s23d26;/rC:4.6189,-5.3456,0;3.0792,-5.3456,0;5.3948,-4.003,0;5.3948,-6.6758,0;2.3155,-4.003,0;4.6189,-2.6727,0;6.9344,-4.003,0;11.5534,-1.3302,0;6.9344,-1.3302,0;5.3948,-1.3302,0;7.6981,-2.6727,0;2.3155,-6.6758,0;7.6981,0,0;9.2377,0,0;10.0136,-1.3302,0;.7759,-4.003,0;3.0792,-2.6727,0;6.9344,-6.6758,0;4.6189,-8.0184,0;12.317,-2.6727,0;12.317,0,0;3.0792,-8.0184,0;5.3948,-9.3486,0;0,-2.6727,0;2.3155,-1.3302,0;7.6981,-8.0184,0;.7759,-1.3302,0;6.9344,-9.3486,0;
",NKANXQFJJICGDU-QPLCGJKRSA-N,C26H29NO,371.5239868,CC\C(=C(/C1=CC=CC=C1)C1=CC=C(OCCN(C)C)C=C1)C1=CC=CC=C1,20170228,CC\C(=C(/C1=CC=CC=C1)C1=CC=C(OCCN(C)C)C=C1)C1=CC=CC=C1,L,8.691,0.28,18,MB,HL/H+L,NH+ acids,,pKa(HL/H+L; 18) = 8.69+/-0.28,,,,,,,,,,,C26H29NO,371.5146
56-53-1,CAS-RN matched <b>null</b>,DTXSID3020465,DTXCID10465,DSSTox_Low,Diethylstilbestrol,56-53-1,Single Compound,,CC\C(=C(\CC)C1=CC=C(O)C=C1)C1=CC=C(O)C=C1,"InChI=1S/C18H20O2/c1-3-17(13-5-9-15(19)10-6-13)18(4-2)14-7-11-16(20)12-8-14/h5-12,19-20H,3-4H2,1-2H3/b18-17+
AuxInfo=1/0/N:11,20,10,19,4,8,13,17,5,7,14,16,3,12,6,15,2,1,9,18/E:(1,2)(3,4)(5,6,7,8)(9,10,11,12)(13,14)(15,16)(17,18)(19,20)/rA:20CCCCCCCCOCCCCCCCCOCC/rB:d+1;s2;s3;d4;s5;d6;d3s7;s6;s2;s10;s1;d12;s13;d14;s15;s12d16;s15;s1;s19;/rC:7.0741,-4.3766,0;6.3072,-3.0412,0;4.4957,-3.028,0;3.7023,-4.3502,0;2.314,-4.3238,0;1.5338,-3.0015,0;2.2876,-1.666,0;3.742,-1.6792,0;0,-3.0148,0;6.9948,-1.3354,0;6.2278,0,0;8.6079,-4.3766,0;9.3881,-3.0412,0;10.9219,-3.0544,0;11.6887,-4.3766,0;10.9087,-5.7122,0;9.3748,-5.7122,0;13.2226,-4.3899,0;6.3072,-5.699,0;7.0741,-7.0344,0;
",RGLYKWWBQGJZGM-ISLYRVAYSA-N,C18H20O2,268.3559875,CC\C(=C(\CC)C1=CC=C(O)C=C1)C1=CC=C(O)C=C1,20170228,CC\C(=C(\CC)C1=CC=C(O)C=C1)C1=CC=C(O)C=C1,H2L,,,,,,,,,,10.185,0.3,18,MA,H2L/H+HL,OH acids,pKa(H2L/H+HL; 18) = 10.18+/-0.30,,,C18H20O2,268.3502
52918-63-5,CAS-RN matched <b>null</b>,DTXSID8020381,DTXCID20381,DSSTox_High,Deltamethrin,52918-63-5,Single Compound,"absolute stereochem (S), (1R,3R)",CC1(C)[C@@H](C=C(Br)Br)[C@H]1C(=O)O[C@H](C#N)C1=CC=CC(OC2=CC=CC=C2)=C1,"InChI=1S/C22H19Br2NO3/c1-22(2)17(12-19(23)24)20(22)21(26)28-18(13-25)14-7-6-10-16(11-14)27-15-8-4-3-5-9-15/h3-12,17-18,20H,1-2H3/t17-,18+,20-/m0/s1
AuxInfo=1/0/N:16,17,28,26,27,22,21,25,24,23,13,5,9,11,20,14,2,10,7,3,4,1,18,19,8,12,15,6/E:(1,2)(4,5)(8,9)(23,24)/it:im/rA:28CC.eC.oCCOCNCC.eCOCCOCCBrBrCCCCCCCCC/rB:s1;s1s2;N3;N2;s4;d5;;t8;s6p9;s10;d4;s11;d13;s14;s1;s1;s7;s7;s15;d11;s21;s14d22;s20;d20;s25;d24;d26s27;/rC:4.7648,-1.196,0;3.9485,-2.5248,0;5.5432,-2.5248,0;6.8909,-3.2841,0;2.6766,-3.2272,0;8.2198,-2.5248,0;1.3099,-2.5248,0;9.5296,-6.1696,0;9.5296,-4.8027,0;9.5296,-3.2841,0;10.8965,-2.5627,0;6.8909,-4.8027,0;12.2253,-3.3221,0;13.611,-2.6007,0;14.9209,-3.3031,0;5.5432,0,0;4.1384,0,0;0,-3.2272,0;1.3099,-.9682,0;16.2877,-2.5248,0;10.8965,-1.0441,0;12.2253,-.1898,0;13.611,-1.0441,0;16.2877,-1.0441,0;17.6545,-3.3031,0;18.9833,-2.6007,0;17.5785,-.2658,0;18.9833,-1.0061,0;
",OWZREIFADZCYQD-NSHGMRRFSA-N,C22H19Br2NO3,505.2059937,CC1(C)C(C=C(Br)Br)C1C(=O)OC(C#N)C1=CC=CC(OC2=CC=CC=C2)=C1,20170228,CC1(C)C(C=C(Br)Br)C1C(=O)OC(C#N)C1=CC=CC(OC2=CC=CC=C2)=C1,,,,,,,,,,The structure does not contain ionization centers calculated by current version of ACD/pKa,,,,,,,,,,C22H19Br2NO3,505.1992
52315-07-8,CAS-RN matched <b>null</b>,DTXSID1023998,DTXCID003998,DSSTox_High,Cypermethrin,52315-07-8,Mixture of Stereoisomers,,CC1(C)C(C=C(Cl)Cl)C1C(=O)OC(C#N)C1=CC=CC(OC2=CC=CC=C2)=C1,"InChI=1/C22H19Cl2NO3/c1-22(2)17(12-19(23)24)20(22)21(26)28-18(13-25)14-7-6-10-16(11-14)27-15-8-4-3-5-9-15/h3-12,17-18,20H,1-2H3
AuxInfo=1/0/N:16,17,28,26,27,22,21,25,24,23,13,5,9,11,20,14,2,10,7,3,4,1,18,19,8,12,15,6/E:(1,2)(4,5)(8,9)(23,24)/rA:28CCCCCOCNCCCOCCOCCClClCCCCCCCCC/rB:s1;s1s2;s3;s2;s4;d5;;t8;s6s9;s10;d4;s11;d13;s14;s1;s1;s7;s7;s15;d11;s21;s14d22;d20;s20;d25;s24;s26d27;/rC:10.8116,-3.2472,0;10.013,-4.578,0;11.5722,-4.578,0;12.96,-5.3005,0;8.7202,-5.3005,0;14.2908,-4.578,0;7.3324,-4.578,0;15.6216,-8.3233,0;15.6216,-6.8215,0;15.6216,-5.3005,0;16.9524,-4.578,0;12.96,-6.8215,0;18.3024,-5.3195,0;19.6522,-4.6351,0;20.983,-5.3005,0;10.1842,-2.0114,0;11.5722,-2.0114,0;6.0586,-5.3005,0;7.3324,-3.019,0;22.371,-4.578,0;16.9524,-3.038,0;18.3024,-2.2583,0;19.6522,-3.038,0;23.7588,-5.3005,0;22.371,-3.038,0;23.6638,-2.2776,0;25.0706,-4.6351,0;25.0706,-3.019,0;
",KAATUXNTWXVJKI-UHFFFAOYNA-N,C22H19Cl2NO3,416.2999878,CC1(C)C(C=C(Cl)Cl)C1C(=O)OC(C#N)C1=CC=CC(OC2=CC=CC=C2)=C1,20170228,CC1(C)C(C=C(Cl)Cl)C1C(=O)OC(C#N)C1=CC=CC(OC2=CC=CC=C2)=C1,,,,,,,,,,The structure does not contain ionization centers calculated by current version of ACD/pKa,,,,,,,,,,C22H19Cl2NO3,416.2972
58-18-4,CAS-RN matched <b>null</b>,DTXSID1033664,DTXCID9013664,DSSTox_Low,17-Methyltestosterone,58-18-4,Single Compound,,C[C@]1(O)CC[C@H]2[C@@H]3CCC4=CC(=O)CC[C@]4(C)[C@H]3CC[C@]12C,"InChI=1S/C20H30O2/c1-18-9-6-14(21)12-13(18)4-5-15-16(18)7-10-19(2)17(15)8-11-20(19,3)22/h12,15-17,22H,4-11H2,1-3H3/t15-,16+,17+,18+,19+,20+/m1/s1
AuxInfo=1/0/N:20,21,22,14,12,18,10,13,11,9,16,7,3,15,6,4,5,1,2,8,17,19/it:im/rA:22C.eC.eCC.eC.eC.eCC.oCCCCCCCCOCOCCC/rB:;s1;s1;s2;s4s5;d3;s2;s2;P4s9;s1;N6;P5;s3s12;s7;s8s13;d15;s11s15;P8;P1;P2;N8;/rC:4.001,-4.3481,0;8.0021,-2.0276,0;4.001,-5.8769,0;5.3347,-3.5781,0;8.0021,-3.5781,0;6.6793,-4.3481,0;2.6891,-6.6359,0;9.4767,-1.5505,0;6.6793,-1.2469,0;5.3347,-2.0276,0;2.6891,-3.5781,0;6.6793,-5.8769,0;9.4767,-4.0227,0;5.3347,-6.6359,0;1.3446,-5.8769,0;10.3767,-2.7866,0;0,-6.6359,0;1.3446,-4.3481,0;9.4767,0,0;4.001,-2.7866,0;8.0021,-.4554,0;10.843,-1.5505,0;
",GCKMFJBGXUYNAG-HLXURNFRSA-N,C20H30O2,302.4580078,CC1(O)CCC2C3CCC4=CC(=O)CCC4(C)C3CCC12C,20170228,CC1(O)CCC2C3CCC4=CC(=O)CCC4(C)C3CCC12C,HL,,,,,,,,,,15.129,0.6,3,MA,HL/H+L,OH acids,pKa(HL/H+L; 3) = 15.13+/-0.60,,,C20H30O2,302.451
59-50-7,CAS-RN matched <b>null</b>,DTXSID4021717,DTXCID601717,DSSTox_Low,4-Chloro-3-methylphenol,59-50-7,Single Compound,,CC1=C(Cl)C=CC(O)=C1,"InChI=1S/C7H7ClO/c1-5-4-6(9)2-3-7(5)8/h2-4,9H,1H3
AuxInfo=1/0/N:5,9,8,3,4,2,6,7,1/rA:9OCCCCCClCC/rB:s1;d2;s3;s4;d4;s6;s6;s2d8;/rC:5.3376,-3.0798,0;4.0032,-2.3111,0;2.6688,-3.0798,0;1.3343,-2.3111,0;0,-3.0798,0;1.3343,-.7686,0;;2.6688,0,0;4.0032,-.7686,0;
",CFKMVGJGLGKFKI-UHFFFAOYSA-N,C7H7ClO,142.58,CC1=C(Cl)C=CC(O)=C1,20170228,CC1=C(Cl)C=CC(O)=C1,HL,,,,,,,,,,9.63,0.18,8,MA,HL/H+L,OH acids,pKa(HL/H+L; 8) = 9.63+/-0.18,,,C7H7ClO,142.5829
99-55-8,CAS-RN matched <b>null</b>,DTXSID4020959,DTXCID60959,DSSTox_Low,2-Methyl-5-nitroaniline,99-55-8,Single Compound,,CC1=C(N)C=C(C=C1)[N+]([O-])=O,"InChI=1S/C7H8N2O2/c1-5-2-3-6(9(10)11)4-7(5)8/h2-4H,8H2,1H3
AuxInfo=1/0/N:9,7,8,4,6,3,5,10,2,1,11/E:(10,11)/CRV:9.5/rA:11ON+CCCCCCCNO-/rB:d1;s2;d3;s4;d5;s6;s3d7;s6;s5;s2;/rC:0,-3.9908,0;.7678,-2.6629,0;2.3032,-2.6629,0;3.0709,-1.3279,0;4.6133,-1.3279,0;5.381,-2.6629,0;4.6133,-3.9908,0;3.0709,-3.9908,0;6.9164,-2.6629,0;5.381,0,0;0,-1.3279,0;
",DSBIJCMXAIKKKI-UHFFFAOYSA-N,C7H8N2O2,152.1529999,CC1=C(N)C=C(C=C1)[N+]([O-])=O,20170228,CC1=C(N)C=C(C=C1)[N+]([O-])=O,L,2.338,0.1,4,MB,HL/H+L,NH+ acids,,pKa(HL/H+L; 4) = 2.34+/-0.10,,,,,,,,,,,C7H8N2O2,152.1506
95-69-2,CAS-RN matched <b>null</b>,DTXSID1041508,DTXCID9021508,DSSTox_Low,4-Chloro-2-methylaniline,95-69-2,Single Compound,,CC1=C(N)C=CC(Cl)=C1,"InChI=1S/C7H8ClN/c1-5-4-6(8)2-3-7(5)9/h2-4H,9H2,1H3
AuxInfo=1/0/N:9,6,4,5,3,7,2,8,1/rA:9NCCCCCCClC/rB:s1;d2;s2;s3;d4;d5s6;s7;s3;/rC:.016,0,0;1.317,-.7488,0;1.317,-2.2888,0;2.6393,0,0;2.6393,-3.0376,0;3.9935,-.7488,0;3.9935,-2.2888,0;5.3105,-3.0376,0;0,-3.0376,0;
",CXNVOWPRHWWCQR-UHFFFAOYSA-N,C7H8ClN,141.6000061,CC1=C(N)C=CC(Cl)=C1,20170228,CC1=C(N)C=CC(Cl)=C1,L,3.815,0.1,4,MB,HL/H+L,NH+ acids,,pKa(HL/H+L; 4) = 3.81+/-0.10,,,,,,,,,,,C7H8ClN,141.5981
534-52-1,CAS-RN matched <b>null</b>,DTXSID1022053,DTXCID902053,DSSTox_Low,"2-Methyl-4,6-dinitrophenol",534-52-1,Single Compound,,CC1=C(O)C(=CC(=C1)[N+]([O-])=O)[N+]([O-])=O,"InChI=1S/C7H6N2O5/c1-4-2-5(8(11)12)3-6(7(4)10)9(13)14/h2-3,10H,1H3
AuxInfo=1/0/N:4,5,10,3,6,11,2,7,12,1,8,9,13,14/E:(11,12)(13,14)/CRV:8.5,9.5/rA:14OCCCCCN+O-OCCN+O-O/rB:s1;d2;s3;s3;d5;s6;s7;d7;s6;s2d10;s11;s12;d12;/rC:4.6137,-6.6543,0;3.8459,-5.3263,0;2.3034,-5.3263,0;1.5356,-6.6543,0;1.5356,-3.9912,0;2.3034,-2.6631,0;1.5356,-1.3281,0;2.3034,0,0;0,-1.3281,0;3.8459,-2.6631,0;4.6137,-3.9912,0;6.1494,-3.9912,0;6.9172,-2.6631,0;6.9172,-5.3263,0;
",ZXVONLUNISGICL-UHFFFAOYSA-N,C7H6N2O5,198.1340027,CC1=C(O)C(=CC(=C1)[N+]([O-])=O)[N+]([O-])=O,20170228,CC1=C(O)C(=CC(=C1)[N+]([O-])=O)[N+]([O-])=O,HL,,,,,,,,,,4.419,0.44,4,MA,HL/H+L,OH acids,pKa(HL/H+L; 4) = 4.42+/-0.44,,,C7H6N2O5,198.1329
95-48-7,CAS-RN matched <b>null</b>,DTXSID8021808,DTXCID901808,DSSTox_High,o-Cresol,95-48-7,Single Compound,,CC1=C(O)C=CC=C1,"InChI=1S/C7H8O/c1-6-4-2-3-5-7(6)8/h2-5,8H,1H3
AuxInfo=1/0/N:4,6,7,5,8,3,2,1/rA:8OCCCCCCC/rB:s1;d2;s3;s3;d5;s6;s2d7;/rC:2.1708,.1664,0;2.1708,-1.3736,0;3.5045,-2.1436,0;4.8382,-1.3736,0;3.5045,-3.6836,0;2.1708,-4.4536,0;.8372,-3.6836,0;.8372,-2.1436,0;
",QWVGKYWNOKOFNN-UHFFFAOYSA-N,C7H8O,108.14,CC1=C(O)C=CC=C1,20170615,CC1=C(O)C=CC=C1,HL,,,,,,,,,,10.316,0.1,4,MA,HL/H+L,OH acids,pKa(HL/H+L; 4) = 10.32+/-0.10,,,C7H8O,108.1378
78-59-1,CAS-RN matched <b>null</b>,DTXSID8020759,DTXCID40759,DSSTox_Low,Isophorone,78-59-1,Single Compound,,CC1=CC(=O)CC(C)(C)C1,"InChI=1S/C9H14O/c1-7-4-8(10)6-9(2,3)5-7/h4H,5-6H2,1-3H3
AuxInfo=1/0/N:9,1,10,5,3,8,4,6,2,7/E:(2,3)/rA:10CCCCCCOCCC/rB:s1;s2;s3;d4;s5;d6;s2s6;s4;s2;/rC:.988,-5.2989,0;1.5179,-3.8528,0;1.5179,-2.3128,0;2.8536,-1.54,0;4.1839,-2.3128,0;4.1839,-3.8528,0;5.5197,-4.62,0;2.8536,-4.62,0;2.8536,0,0;0,-3.5823,0;
",HJOVHMDZYOCNQW-UHFFFAOYSA-N,C9H14O,138.2100067,CC1=CC(=O)CC(C)(C)C1,20170228,CC1=CC(=O)CC(C)(C)C1,,,,,,,,,,The structure does not contain ionization centers calculated by current version of ACD/pKa,,,,,,,,,,C9H14O,138.2069
105-67-9,CAS-RN matched <b>null</b>,DTXSID2021864,DTXCID101864,DSSTox_Low,"2,4-Dimethylphenol",105-67-9,Single Compound,,CC1=CC(C)=C(O)C=C1,"InChI=1S/C8H10O/c1-6-3-4-8(9)7(2)5-6/h3-5,9H,1-2H3
AuxInfo=1/0/N:7,4,8,9,5,6,3,2,1/rA:9OCCCCCCCC/rB:s1;d2;s3;s3;d5;s6;s6;s2d8;/rC:5.3376,0,0;4.0032,-.7686,0;4.0032,-2.3111,0;5.3376,-3.0798,0;2.6688,-3.0798,0;1.3343,-2.3111,0;0,-3.0798,0;1.3343,-.7686,0;2.6688,0,0;
",KUFFULVDNCHOFZ-UHFFFAOYSA-N,C8H10O,122.1669998,CC1=CC(C)=C(O)C=C1,20170228,CC1=CC(C)=C(O)C=C1,HL,,,,,,,,,,10.613,0.18,7,MA,HL/H+L,OH acids,pKa(HL/H+L; 7) = 10.61+/-0.18,,,C8H10O,122.1644
77-06-5,CAS-RN matched <b>null</b>,DTXSID0020656,DTXCID40656,DSSTox_Low,Gibberellic acid,77-06-5,Single Compound,,C[C@@]12[C@H]3[C@H](C(O)=O)[C@@]45CC(=C)[C@@](O)(C4)CC[C@H]5[C@]3(OC1=O)C=C[C@@H]2O,"InChI=1S/C19H22O6/c1-9-7-17-8-18(9,24)5-3-10(17)19-6-4-11(20)16(2,15(23)25-19)13(19)12(17)14(21)22/h4,6,10-13,20,24H,1,3,5,7-8H2,2H3,(H,21,22)/t10-,11+,12-,13-,16-,17+,18+,19-/m1/s1
AuxInfo=1/1/N:21,23,17,15,19,10,12,11,13,8,16,7,4,14,5,3,2,9,1,25,20,24,18,22,6/E:(21,22)/it:im/rA:25C.oC.oC.oC.oCOC.eC.oC.oCCCCCCC.eCOCOCOCOO/rB:;;s1s3;N3;N1s5;s2N4;s1s2;;s1;s2s9;P2;P9s12;P7;d10;s3s15;N8;d5;s9s17;d14;d13;N9;s3;s14;P16;/rC:4.0108,-1.5214,0;6.6278,-3.0745,0;2.681,-3.8406,0;4.0108,-3.0745,0;2.681,-2.3725,0;4.0108,0,0;5.3193,-3.8406,0;6.6278,-1.5214,0;9.2874,-3.0745,0;2.681,-.7447,0;7.9257,-3.8406,0;6.6278,-4.7554,0;9.2768,-4.7554,0;5.3193,-5.3618,0;1.3511,-1.5214,0;1.3511,-3.0745,0;7.9257,-.7447,0;1.617,-2.0639,0;9.2874,-1.5214,0;6.6172,-6.1598,0;10.5747,-5.5426,0;10.6386,-3.8618,0;2.681,-5.3618,0;4.0108,-6.181,0;0,-3.8618,0;
",IXORZMNAPKEEDV-OBDJNFEBSA-N,C19H22O6,346.3789978,CC12C3C(C(O)=O)C45CC(=C)C(O)(C4)CCC5C3(OC1=O)C=CC2O,20170228,CC12C3C(C(O)=O)C45CC(=C)C(O)(C4)CCC5C3(OC1=O)C=CC2O,H3L,,,,,,,,,,4.061,0.7,6,MA,H3L/H+H2L,OH acids,pKa(H3L/H+H2L; 6) = 4.06+/-0.70,,,C19H22O6,346.3744
50-27-1,CAS-RN matched <b>null</b>,DTXSID9022366,DTXCID002366,DSSTox_Low,Estriol,50-27-1,Single Compound,,C[C@]12CC[C@H]3[C@@H](CCC4=C3C=CC(O)=C4)[C@@H]1C[C@@H](O)[C@@H]2O,"InChI=1S/C18H24O3/c1-18-7-6-13-12-5-3-11(19)8-10(12)2-4-14(13)15(18)9-16(20)17(18)21/h3,5,8,13-17,19-21H,2,4,6-7,9H2,1H3/t13-,14-,15+,16-,17+,18+/m1/s1
AuxInfo=1/0/N:20,5,12,4,11,9,10,15,16,6,13,7,8,3,2,17,18,1,14,21,19/it:im/rA:21C.oC.eC.eCCCCC.oCCCCCOCCC.eC.eOCO/rB:s1;s2;N3;s4;s5;d6;s3s7;P8;s1s9;s7;d11;s12;s13;s6d13;P2;s16;s1s17;P18;P1;N17;/rC:7.9963,-1.9396,0;7.9963,-3.4746,0;6.6636,-4.248,0;6.6636,-5.7829,0;5.3308,-6.5564,0;3.9981,-5.7829,0;3.9981,-4.248,0;5.3308,-3.4746,0;5.3308,-1.9396,0;6.6636,-1.1781,0;2.6654,-3.4746,0;1.3327,-4.248,0;1.3327,-5.7829,0;0,-6.5564,0;2.6654,-6.5564,0;9.4598,-3.9505,0;10.3642,-2.7131,0;9.4598,-1.4636,0;9.9358,0,0;7.9963,-.3332,0;11.8991,-2.7131,0;
",PROQIPRRNZUXQM-ZXXIGWHRSA-N,C18H24O3,288.3869934,CC12CCC3C(CCC4=C3C=CC(O)=C4)C1CC(O)C2O,20170228,CC12CCC3C(CCC4=C3C=CC(O)=C4)C1CC(O)C2O,H3L,,,,,,,,,,10.252,0.7,14,MA,H3L/H+H2L,OH acids,pKa(H3L/H+H2L; 14) = 10.25+/-0.70,,,C18H24O3,288.3814
53-16-7,CAS-RN matched <b>null</b>,DTXSID4022367,DTXCID402367,DSSTox_Low,Estrone,53-16-7,Single Compound,,C[C@]12CC[C@H]3[C@@H](CCC4=C3C=CC(O)=C4)[C@@H]1CCC2=O,"InChI=1S/C18H22O2/c1-18-9-8-14-13-5-3-12(19)10-11(13)2-4-15(14)16(18)6-7-17(18)20/h3,5,10,14-16,19H,2,4,6-9H2,1H3/t14-,15-,16+,18+/m1/s1
AuxInfo=1/0/N:20,5,12,4,11,16,17,9,10,15,6,13,7,8,3,2,18,1,14,19/it:im/rA:20C.oC.eC.eCCCCC.oCCCCCOCCCCOC/rB:s1;s2;N3;s4;s5;d6;s3s7;P8;s1s9;s7;d11;s12;s13;s6d13;P2;s16;s1s17;d18;P1;/rC:7.9945,-1.9469,0;7.9945,-3.4794,0;6.6586,-4.2458,0;6.6586,-5.7887,0;5.3227,-6.5551,0;3.9972,-5.7887,0;3.9972,-4.2458,0;5.3227,-3.4794,0;5.3227,-1.9469,0;6.6586,-1.1701,0;2.6614,-3.4794,0;1.3359,-4.2458,0;1.3359,-5.7887,0;0,-6.5551,0;2.6614,-6.5551,0;9.4546,-3.9558,0;10.3555,-2.7131,0;9.4546,-1.4704,0;9.931,0,0;7.9945,-.3314,0;
",DNXHEGUUPJUMQT-CBZIJGRNSA-N,C18H22O2,270.3720093,CC12CCC3C(CCC4=C3C=CC(O)=C4)C1CCC2=O,20170228,CC12CCC3C(CCC4=C3C=CC(O)=C4)C1CCC2=O,HL,,,,,,,,,,10.25,0.4,14,MA,HL/H+L,OH acids,pKa(HL/H+L; 14) = 10.25+/-0.40,,,C18H22O2,270.3661
68-22-4,CAS-RN matched <b>null</b>,DTXSID9023380,DTXCID303380,DSSTox_Low,Norethindrone,68-22-4,Single Compound,,C[C@]12CC[C@H]3[C@@H](CCC4=CC(=O)CC[C@H]34)[C@@H]1CC[C@@]2(O)C#C,"InChI=1S/C20H26O2/c1-3-20(22)11-9-18-17-6-4-13-12-14(21)5-7-15(13)16(17)8-10-19(18,20)2/h1,12,15-18,22H,4-11H2,2H3/t15-,16+,17+,18-,19-,20-/m0/s1
AuxInfo=1/0/N:14,22,9,16,20,12,15,11,13,10,18,8,3,17,6,5,4,2,1,7,19,21/it:im/rA:22C.eC.eCC.oC.oC.oC.oCCCCCCCCCCCOCOC/rB:s1;;s2;s4;s3s5;s1;d3;s7;s1;P5s10;N4;P2;t9;N6;s3s12;s8;s7s13;d17;s15s17;P7;P1;/rC:8.0155,-1.9945,0;8.0155,-3.5343,0;4.0267,-5.857,0;6.7027,-4.3043,0;5.3521,-3.5343,0;4.0267,-4.3043,0;9.4672,-1.54,0;2.7139,-6.627,0;11.045,-1.54,0;6.7027,-1.237,0;5.3521,-1.9945,0;6.7027,-5.857,0;9.4672,-4.0014,0;12.6228,-1.54,0;2.7139,-3.5343,0;5.3521,-6.627,0;1.3759,-5.857,0;10.376,-2.7643,0;0,-6.6396,0;1.3759,-4.3043,0;9.4672,0,0;8.0155,-.4418,0;
",VIKNJXKGJWUCNN-XGXHKTLJSA-N,C20H26O2,298.4259949,CC12CCC3C(CCC4=CC(=O)CCC34)C1CCC2(O)C#C,20170228,CC12CCC3C(CCC4=CC(=O)CCC34)C1CCC2(O)C#C,HL,,,,,,,,,,13.093,0.4,20,MA,HL/H+L,OH acids,pKa(HL/H+L; 20) = 13.09+/-0.40,,,C20H26O2,298.4192
521-18-6,CAS-RN matched <b>null</b>,DTXSID9022364,DTXCID202364,DSSTox_High,5alpha-Dihydrotestosterone,521-18-6,Single Compound,,[H][C@@]12CC[C@H](O)[C@@]1(C)CC[C@@]1([H])[C@@]2([H])CC[C@@]2([H])CC(=O)CC[C@]12C,"InChI=1S/C19H30O2/c1-18-9-7-13(20)11-12(18)3-4-14-15-5-6-17(21)19(15,2)10-8-16(14)18/h12,14-17,21H,3-11H2,1-2H3/t12-,14-,15-,16-,17-,18-,19-/m0/s1
AuxInfo=1/0/N:21,22,15,14,13,12,17,11,9,10,16,4,18,7,5,8,6,2,3,19,20/it:im/rA:25HC.eC.eC.oC.oC.eC.eC.oCCCCCCCCCCOOCCHHH/rB:;;n1s2;s3;s3;s5;s2s7;s2;s3;s8s10;s6;s5s12;s7;s4s14;s4;s9;s16s17;d18;P6;P2;P3;P7;N8;N5;/rC:-1.2443,-3.5079,0;-1.1887,-.5954,0;2.8632,1.7071,0;-1.1887,-2.1354,0;2.8632,.1671,0;4.3434,2.2304,0;1.4876,-.5954,0;.1569,.1671,0;-2.4895,.1671,0;1.4876,2.4995,0;.1569,1.7071,0;5.2256,.9446,0;4.3135,-.2814,0;1.4876,-2.1354,0;.1569,-2.9129,0;-2.4895,-2.9129,0;-3.8351,-.5954,0;-3.8351,-2.1354,0;-5.2256,-2.9428,0;4.4093,3.5079,0;-1.1887,.9446,0;2.8632,3.292,0;1.4876,.9446,0;.1569,-1.3729,0;2.8632,-1.3729,0;
",NVKAWKQGWWIWPM-ABEVXSGRSA-N,C19H30O2,290.447,CC12CCC3C(CCC4CC(=O)CCC34C)C1CCC2O,20170228,CC12CCC3C(CCC4CC(=O)CCC34C)C1CCC2O,HL,,,,,,,,,,15.085,0.6,21,MA,HL/H+L,OH acids,pKa(HL/H+L; 21) = 15.08+/-0.60,,,C19H30O2,290.4403
17924-92-4,CAS-RN matched <b>null</b>,DTXSID0021460,DTXCID701460,DSSTox_High,Zearalenone,17924-92-4,Single Compound,,C[C@H]1CCCC(=O)CCC\C=C\C2=C(C(O)=CC(O)=C2)C(=O)O1,"InChI=1S/C18H22O5/c1-12-6-5-9-14(19)8-4-2-3-7-13-10-15(20)11-16(21)17(13)18(22)23-12/h3,7,10-12,20-21H,2,4-6,8-9H2,1H3/b7-3+/t12-/m0/s1
AuxInfo=1/0/N:22,19,13,23,17,21,9,20,18,8,6,15,3,12,10,4,2,1,11,16,14,7,5/it:im/rA:23CCCCOCOCCCOCCOC.eOCCCCCCC/rB:s1;d2;s2;s1;d4;d1;s3;s3;s6d8;;d11;d+9;s4;s5;s10;;s12s17;s13;s12;s15s17;P15;s19s20;/rC:5.374,-1.5412,0;4.0204,-2.3185,0;4.0204,-3.8328,0;2.6803,-1.5412,0;6.6873,-2.3185,0;1.3669,-2.3185,0;5.374,0,0;2.6803,-4.6101,0;5.374,-4.6101,0;1.3669,-3.806,0;13.4014,-4.5297,0;11.9942,-3.7926,0;6.6873,-3.806,0;2.6803,0,0;7.9872,-1.5412,0;0,-4.5833,0;10.6942,-1.5545,0;11.9942,-2.3319,0;8.014,-4.5833,0;10.6942,-4.5833,0;9.3541,-2.3319,0;7.9872,-.134,0;9.3541,-3.806,0;
",MBMQEIFVQACCCH-QBODLPLBSA-N,C18H22O5,318.368988,CC1CCCC(=O)CCC\C=C/c2cc(O)cc(O)c2C(=O)O1,20170228,CC1CCCC(=O)CCC\C=C/c2cc(O)cc(O)c2C(=O)O1,H2L,,,,,,,,,,7.581,0.4,19,MA,H2L/H+HL,OH acids,pKa(H2L/H+HL; 19) = 7.58+/-0.40,,,C18H22O5,318.3643
84-16-2,CAS-RN matched <b>null</b>,DTXSID2022381,DTXCID602381,DSSTox_Low,meso-Hexestrol,84-16-2,Single Compound,,CC[C@@H]([C@@H](CC)C1=CC=C(O)C=C1)C1=CC=C(O)C=C1,"InChI=1S/C18H22O2/c1-3-17(13-5-9-15(19)10-6-13)18(4-2)14-7-11-16(20)12-8-14/h5-12,17-20H,3-4H2,1-2H3/t17-,18+
AuxInfo=1/0/N:20,19,18,17,6,8,5,7,12,13,14,11,4,3,10,9,2,1,16,15/E:(1,2)(3,4)(5,6,7,8)(9,10,11,12)(13,14)(15,16)(17,18)(19,20)/rA:20C.oC.eCCCCCCCCCCCCOOCCCC/rB:s1;s1;s2;d3;s4;s3;d4;;;d7s9;d6s10;s8d10;s5d9;s9;s10;P1;N2;s17;s18;/rC:5.3397,-2.3107,0;6.6567,-3.0889,0;3.9869,-3.0889,0;7.9856,-2.3107,0;3.9869,-4.6453,0;7.9856,-.7782,0;2.6579,-2.3107,0;9.3266,-3.0889,0;1.317,-4.6453,0;10.6556,-.7782,0;1.317,-3.0889,0;9.3266,0,0;10.6556,-2.3107,0;2.6579,-5.3996,0;0,-5.3996,0;11.9726,0,0;5.3397,-.7782,0;6.6567,-4.6453,0;3.9869,0,0;7.9856,-5.3996,0;
",PBBGSZCBWVPOOL-HDICACEKSA-N,C18H22O2,270.3720093,CCC(C(CC)C1=CC=C(O)C=C1)C1=CC=C(O)C=C1,20170228,CCC(C(CC)C1=CC=C(O)C=C1)C1=CC=C(O)C=C1,H2L,,,,,,,,,,9.796,0.26,18,MA,H2L/H+HL,OH acids,pKa(H2L/H+HL; 18) = 9.80+/-0.26,,,C18H22O2,270.3661
148477-71-8,CAS-RN matched <b>null</b>,DTXSID6034928,DTXCID4014928,DSSTox_Low,Spirodiclofen,148477-71-8,Single Compound,,CCC(C)(C)C(=O)OC1=C(C(=O)OC11CCCCC1)C1=CC(Cl)=CC(Cl)=C1,"InChI=1S/C21H24Cl2O4/c1-4-20(2,3)19(25)26-17-16(13-10-14(22)12-15(23)11-13)18(24)27-21(17)8-6-5-7-9-21/h10-12H,4-9H2,1-3H3
AuxInfo=1/0/N:27,24,26,25,11,9,12,7,10,3,6,2,5,1,4,16,13,15,19,21,8,22,23,17,20,18,14/E:(2,3)(6,7)(8,9)(10,11)(14,15)(22,23)/rA:27CCCCCCCCCCCCCOCCOOCOCClClCCCC/rB:s1;d1;d2;s3;s4d5;;s7;s7;s8;s9;s10s11;s8;s8;s14;s5d13s15;d15;s13;s18;d19;s19;s1;s4;s21;s21;s21;s25;/rC:8.6415,-2.2854,0;8.8966,-3.8156,0;7.1898,-1.7655,0;7.7293,-4.7965,0;6.003,-2.7758,0;6.2777,-4.2766,0;2.305,-3.0309,0;3.08,-1.6969,0;.765,-3.0309,0;2.305,-.3728,0;0,-1.6969,0;.765,-.3728,0;3.7372,-2.9524,0;3.7372,-.4512,0;5.1987,-.9318,0;5.1987,-2.4718,0;6.4248,0,0;3.4331,-4.2571,0;4.463,-5.4243,0;5.9637,-5.1299,0;3.9529,-6.876,0;9.8087,-1.3045,0;8.0039,-6.3168,0;2.511,-6.3953,0;3.4723,-8.3473,0;5.4243,-7.3762,0;1.9519,-8.6415,0;
",OYNVHVAEOLJJPV-UHFFFAOYSA-N,C21H24Cl2O4,411.3200073,CCC(C)(C)C(=O)OC1=C(C(=O)OC11CCCCC1)C1=CC(Cl)=CC(Cl)=C1,20170228,CCC(C)(C)C(=O)OC1=C(C(=O)OC11CCCCC1)C1=CC(Cl)=CC(Cl)=C1,,,,,,,,,,The structure does not contain ionization centers calculated by current version of ACD/pKa,,,,,,,,,,C21H24Cl2O4,411.3189
80-46-6,CAS-RN matched <b>null</b>,DTXSID8021771,DTXCID001771,DSSTox_Low,4-(2-Methylbutan-2-yl)phenol,80-46-6,Single Compound,,CCC(C)(C)C1=CC=C(O)C=C1,"InChI=1S/C11H16O/c1-4-11(2,3)9-5-7-10(12)8-6-9/h5-8,12H,4H2,1-3H3
AuxInfo=1/0/N:1,4,5,2,7,12,8,11,6,9,3,10/E:(2,3)(5,6)(7,8)/rA:12CCCCCCCCCOCC/rB:s1;s2;s3;s3;s3;d6;s7;d8;s9;s9;s6d11;/rC:7.492,0,0;6.16,-.7699,0;6.16,-2.3099,0;6.16,-3.8499,0;7.7,-2.3099,0;4.62,-2.3099,0;3.8499,-3.6421,0;2.3099,-3.6421,0;1.54,-2.3099,0;0,-2.3099,0;2.3099,-.9779,0;3.8499,-.9779,0;
",NRZWYNLTFLDQQX-UHFFFAOYSA-N,C11H16O,164.248,CCC(C)(C)C1=CC=C(O)C=C1,20170425,CCC(C)(C)C1=CC=C(O)C=C1,HL,,,,,,,,,,10.236,0.26,10,MA,HL/H+L,OH acids,pKa(HL/H+L; 10) = 10.24+/-0.26,,,C11H16O,164.2441
797-63-7,CAS-RN matched <b>null</b>,DTXSID3036496,DTXCID1016496,DSSTox_Low,Norgestrel,797-63-7,Single Compound,,CC[C@]12CC[C@H]3[C@@H](CCC4=CC(=O)CC[C@H]34)[C@@H]1CC[C@@]2(O)C#C,"InChI=1S/C21H28O2/c1-3-20-11-9-17-16-8-6-15(22)13-14(16)5-7-18(17)19(20)10-12-21(20,23)4-2/h2,13,16-19,23H,3,5-12H2,1H3/t16-,17+,18+,19-,20-,21-/m0/s1
AuxInfo=1/0/N:23,14,22,9,16,20,12,15,11,13,10,18,8,3,17,6,5,4,2,1,7,19,21/it:im/rA:23C.eC.eCC.oC.oC.oC.oCCCCCCCCCCCOCOCC/rB:s1;;s2;s4;s3s5;s1;d3;N7;s1;P5s10;N4;P2;t9;N6;s3s12;s8;s7s13;d17;s15s17;P7;P1;s22;/rC:8.0057,-2.5392,0;8.0057,-4.0792,0;3.9852,-6.3952,0;6.6538,-4.8552,0;5.3371,-4.0792,0;3.9852,-4.8552,0;9.4517,-2.0573,0;2.6686,-7.1593,0;10.6038,-1.0345,0;6.6538,-1.7869,0;5.3371,-2.5392,0;6.6538,-6.3952,0;9.4517,-4.5613,0;11.7559,0,0;2.6686,-4.0792,0;5.3371,-7.1593,0;1.3402,-6.3952,0;10.3686,-3.3152,0;0,-7.1593,0;1.3402,-4.8552,0;9.1225,-.576,0;8.0057,-.9992,0;6.6773,-.2469,0;
",WWYNJERNGUHSAO-XUDSTZEESA-N,C21H28O2,312.4530029,CCC12CCC3C(CCC4=CC(=O)CCC34)C1CCC2(O)C#C,20170228,CCC12CCC3C(CCC4=CC(=O)CCC34)C1CCC2(O)C#C,HL,,,,,,,,,,13.093,0.4,21,MA,HL/H+L,OH acids,pKa(HL/H+L; 21) = 13.09+/-0.40,,,C21H28O2,312.4458
59865-13-3,CAS-RN matched <b>null</b>,DTXSID0020365,DTXCID00365,DSSTox_Low,Cyclosporin A,59865-13-3,Single Compound,,CC[C@@H]1NC(=O)[C@H]([C@H](O)[C@H](C)C\C=C\C)N(C)C(=O)[C@H](C(C)C)N(C)C(=O)[C@H](CC(C)C)N(C)C(=O)[C@H](CC(C)C)N(C)C(=O)[C@@H](C)NC(=O)[C@H](C)NC(=O)[C@H](CC(C)C)N(C)C(=O)[C@@H](NC(=O)[C@H](CC(C)C)N(C)C(=O)CN(C)C1=O)C(C)C,"InChI=1S/C62H111N11O12/c1-25-27-28-40(15)52(75)51-56(79)65-43(26-2)58(81)67(18)33-48(74)68(19)44(29-34(3)4)55(78)66-49(38(11)12)61(84)69(20)45(30-35(5)6)54(77)63-41(16)53(76)64-42(17)57(80)70(21)46(31-36(7)8)59(82)71(22)47(32-37(9)10)60(83)72(23)50(39(13)14)62(85)73(51)24/h25,27,34-47,49-52,75H,26,28-33H2,1-24H3,(H,63,77)(H,64,76)(H,65,79)(H,66,78)/b27-25+/t40-,41+,42-,43+,44+,45+,46+,47+,49+,50+,51+,52-/m1/s1
AuxInfo=1/1/N:33,27,63,64,84,85,60,61,44,45,72,73,23,24,15,79,66,32,47,77,53,38,22,6,28,19,20,14,51,81,49,35,31,57,83,54,39,68,17,9,74,58,13,46,76,42,29,36,62,11,1,4,69,80,50,3,52,18,37,21,67,5,78,65,7,55,25,40,70,48,34,16,2,41,10,75,82,56,8,59,26,43,30,71,12/E:(3,4)(5,6)(7,8)(9,10)(11,12)(13,14)/it:im/rA:85C.eNCC.oCCNOC.oOC.oOC.eCCNCCCCCCCCNOCCC.oOCCCNCCCCCNOC.oOCCC.eCNCCCCCCNOCC.eOCCC.eCCNCCCCNOCCC.oOC.eCNCCCOCCC/rB:s1;s1;P1;s2;s2;s3;d3;s4;N4;s5;d5;s7;s9;P9;s11;N11;s13;N13;s14;s16;s16;s17;s17;s18;d18;s19;d+20;s21;d21;s25;s25;s28;s29;P29;s31;s34;s34;s35;s36;d36;s37;d37;s39;s39;s40;s40;s42;P42;s46;P46;s48;s48;s49;s50;d50;s51;s52;d52;s54;s54;s55;s57;s57;s58;N58;s62;P62;s65;s67;d67;s68;s68;s69;d69;s70;s70;s74;P74;s76s78;N76;d80;s81;s83;s83;/rC:14.6532,-6.9802,0;13.37,-7.75,0;16.0646,-7.75,0;14.6788,-5.4404,0;12.0356,-6.9802,0;13.37,-9.3154,0;17.3734,-6.9802,0;16.0389,-9.3154,0;16.0389,-4.6706,0;13.37,-4.6706,0;10.7011,-7.75,0;12.0356,-5.4404,0;18.7078,-7.75,0;16.0389,-3.1308,0;17.3734,-5.4404,0;9.3667,-6.9802,0;10.7011,-9.3154,0;20.0679,-6.9802,0;18.7078,-9.3154,0;14.7045,-2.3352,0;8.0322,-7.75,0;9.3667,-5.4404,0;9.3667,-10.111,0;12.0099,-10.0853,0;21.3766,-7.75,0;20.0679,-5.4404,0;18.1176,-10.1366,0;14.7558,-.7956,0;6.6979,-6.9802,0;8.0322,-9.3154,0;21.3766,-9.6747,0;22.7111,-6.9802,0;13.4726,0,0;5.3378,-7.75,0;6.6721,-5.4404,0;22.6598,-11.1374,0;5.3378,-9.3154,0;4.0033,-6.9802,0;5.3378,-4.7219,0;21.7359,-12.8825,0;23.9429,-11.0861,0;3.9777,-10.0596,0;6.6979,-10.111,0;4.0033,-5.5174,0;5.2864,-3.2334,0;21.7359,-14.3966,0;20.5042,-12.0099,0;4.0033,-11.625,0;2.6689,-9.3154,0;20.4015,-15.1664,0;23.0447,-15.1921,0;5.3378,-12.3949,0;2.6945,-12.4462,0;1.3344,-10.1366,0;19.0927,-14.4222,0;20.3758,-16.6549,0;24.3792,-14.4479,0;5.3378,-13.9347,0;6.6979,-11.625,0;0,-9.3923,0;1.3601,-11.6506,0;17.784,-15.2177,0;25.6622,-15.2177,0;24.3792,-12.9338,0;7.0571,-15.1664,0;4.0546,-14.6532,0;16.4495,-14.4735,0;17.8353,-16.7318,0;8.3916,-14.4222,0;15.1151,-15.1664,0;16.4495,-12.9338,0;19.1441,-17.476,0;16.5778,-17.5273,0;9.7517,-15.1151,0;8.3916,-12.8568,0;13.7807,-14.4222,0;15.1151,-16.7318,0;11.1374,-14.4222,0;9.7517,-16.7318,0;12.4206,-15.1664,0;13.8063,-12.9081,0;12.4206,-16.7318,0;15.1408,-12.1383,0;15.2177,-10.5729,0;16.5778,-11.9586,0;
",PMATZTZNYRCHOR-CGLBZJNRSA-N,C62H111N11O12,1202.63501,CCC1NC(=O)C(C(O)C(C)C\C=C/C)N(C)C(=O)C(C(C)C)N(C)C(=O)C(CC(C)C)N(C)C(=O)C(CC(C)C)N(C)C(=O)C(C)NC(=O)C(C)NC(=O)C(CC(C)C)N(C)C(=O)C(NC(=O)C(CC(C)C)N(C)C(=O)CN(C)C1=O)C(C)C,20170228,CCC1NC(=O)C(C(O)C(C)C\C=C/C)N(C)C(=O)C(C(C)C)N(C)C(=O)C(CC(C)C)N(C)C(=O)C(CC(C)C)N(C)C(=O)C(C)NC(=O)C(C)NC(=O)C(CC(C)C)N(C)C(=O)C(NC(=O)C(CC(C)C)N(C)C(=O)CN(C)C1=O)C(C)C,H5L,-0.759,0.7,48,MB,H6L/H+H5L,NH+ acids,Ring Breaking,pKa(H6L/H+H5L; 48) = -0.76+/-0.70,,13.321,0.7,4,MA,H5L/H+H4L,NH acids,pKa(H5L/H+H4L; 4) = 13.32+/-0.70,,Ring Breaking,C62H111N11O12,1202.6112
99-66-1,CAS-RN matched <b>null</b>,DTXSID6023733,DTXCID803733,DSSTox_Low,Valproic acid,99-66-1,Single Compound,,CCCC(CCC)C(O)=O,"InChI=1S/C8H16O2/c1-3-5-7(6-4-2)8(9)10/h7H,3-6H2,1-2H3,(H,9,10)
AuxInfo=1/1/N:7,10,6,9,5,8,4,1,2,3/E:(1,2)(3,4)(5,6)(9,10)/rA:10COOCCCCCCC/rB:d1;s1;s1;s4;s5;s6;s4;s8;s9;/rC:4.005,-.7743,0;5.3401,0,0;2.67,0,0;4.005,-2.3163,0;5.3401,-3.0839,0;6.6751,-2.3163,0;6.6751,-.7743,0;2.67,-3.0839,0;1.335,-2.3163,0;0,-3.0839,0;
",NIJJYAXOARWZEE-UHFFFAOYSA-N,C8H16O2,144.2140045,CCCC(CCC)C(O)=O,20170228,CCCC(CCC)C(O)=O,HL,,,,,,,,,,4.816,0.2,9,MA,HL/H+L,OH acids,pKa(HL/H+L; 9) = 4.82+/-0.20,,,C8H16O2,144.2114
5153-25-3,CAS-RN matched <b>null</b>,DTXSID4022525,DTXCID802525,DSSTox_Low,2-Ethylhexylparaben,5153-25-3,Single Compound,,CCCCC(CC)COC(=O)C1=CC=C(O)C=C1,"InChI=1/C15H22O3/c1-3-5-6-12(4-2)11-18-15(17)13-7-9-14(16)10-8-13/h7-10,12,16H,3-6,11H2,1-2H3
AuxInfo=1/0/N:17,13,16,12,15,14,3,7,4,6,10,11,2,5,1,8,18,9/E:(7,8)(9,10)/rA:18CCCCCCCOOCCCCCCCCO/rB:s1;s2;d3;s4;d5;d2s6;s5;s1;s9;s10;s11;s12;s11;s14;s15;s16;d1;/rC:5.3365,-5.3966,0;4.0024,-4.6274,0;2.6683,-5.3966,0;1.3341,-4.6274,0;1.3341,-3.0769,0;2.6683,-2.3077,0;4.0024,-3.0769,0;0,-2.3077,0;6.6826,-4.6274,0;8.0167,-5.3966,0;9.3509,-4.6274,0;10.685,-5.3966,0;12.0191,-4.6274,0;9.3509,-3.0769,0;10.685,-2.3077,0;10.685,-.7692,0;12.0191,0,0;5.3365,-6.935,0;
",VTIMKVIDORQQFA-UHFFFAOYNA-N,C15H22O3,250.3379974,CCCCC(CC)COC(=O)C1=CC=C(O)C=C1,20170228,CCCCC(CC)COC(=O)C1=CC=C(O)C=C1,HL,,,,,,,,,,8.2,0.15,16,MA,HL/H+L,OH acids,pKa(HL/H+L; 16) = 8.20+/-0.15,,,C15H22O3,250.3334
78-42-2,CAS-RN matched <b>null</b>,DTXSID0021414,DTXCID801414,DSSTox_Low,Tris(2-ethylhexyl) phosphate,78-42-2,Single Compound,,CCCCC(CC)COP(=O)(OCC(CC)CCCC)OCC(CC)CCCC,"InChI=1/C24H51O4P/c1-7-13-16-22(10-4)19-26-29(25,27-20-23(11-5)17-14-8-2)28-21-24(12-6)18-15-9-3/h22-24H,7-21H2,1-6H3
AuxInfo=1/0/N:9,18,27,11,20,29,8,17,26,10,19,28,7,16,25,6,15,24,4,13,22,5,14,23,1,3,12,21,2/E:(1,2,3)(4,5,6)(7,8,9)(10,11,12)(13,14,15)(16,17,18)(19,20,21)(22,23,24)(26,27,28)/rA:29OPOCCCCCCCCOCCCCCCCCOCCCCCCCC/rB:d1;s2;s3;s4;s5;s6;s7;s8;s5;s10;s2;s12;s13;s14;s15;s16;s17;s14;s19;s2;s21;s22;s23;s24;s25;s26;s23;s28;/rC:10.0016,-8.4616,0;8.4616,-8.4616,0;8.4616,-10.0016,0;9.7984,-10.7631,0;9.7984,-12.3031,0;11.1185,-13.0816,0;11.1185,-14.6216,0;12.4554,-15.3831,0;12.4554,-16.9231,0;8.4616,-13.0816,0;8.4616,-14.6216,0;8.4616,-6.9216,0;9.7984,-6.16,0;9.7984,-4.62,0;8.4616,-3.8416,0;8.4616,-2.3015,0;7.1247,-1.54,0;7.1247,0,0;11.1185,-3.8416,0;11.1185,-2.3015,0;6.9216,-8.4616,0;6.16,-9.7984,0;4.62,-9.7984,0;3.8416,-11.1185,0;2.3015,-11.1185,0;1.54,-12.4554,0;0,-12.4554,0;3.8416,-8.4616,0;2.3015,-8.4616,0;
",GTVWRXDRKAHEAD-UHFFFAOYNA-N,C24H51O4P,434.6419983,CCCCC(CC)COP(=O)(OCC(CC)CCCC)OCC(CC)CCCC,20170228,CCCCC(CC)COP(=O)(OCC(CC)CCCC)OCC(CC)CCCC,,,,,,,,,,The structure does not contain ionization centers calculated by current version of ACD/pKa,,,,,,,,,,C24H51O4P,434.6331
1085-12-7,CAS-RN matched <b>null</b>,DTXSID4022523,DTXCID002523,DSSTox_Low,Heptylparaben,1085-12-7,Single Compound,,CCCCCCCOC(=O)C1=CC=C(O)C=C1,"InChI=1S/C14H20O3/c1-2-3-4-5-6-11-17-14(16)12-7-9-13(15)10-8-12/h7-10,15H,2-6,11H2,1H3
AuxInfo=1/0/N:17,16,15,14,13,12,3,7,4,6,11,2,5,1,8,9,10/E:(7,8)(9,10)/rA:17CCCCCCCOOOCCCCCCC/rB:s1;d2;s3;d4;s5;s2d6;s5;d1;s1;s10;s11;s12;s13;s14;s15;s16;/rC:9.2399,-2.6642,0;10.7799,-2.6642,0;11.5498,-1.3397,0;13.0898,-1.3397,0;13.8599,-2.6642,0;13.0898,-4.0039,0;11.5498,-4.0039,0;15.3998,-2.6642,0;8.4699,-1.3397,0;8.4699,-4.0039,0;6.9299,-4.0039,0;6.1599,-2.6642,0;4.62,-2.6642,0;3.8499,-1.3397,0;2.3099,-1.3397,0;1.54,0,0;;
",ZTJORNVITHUQJA-UHFFFAOYSA-N,C14H20O3,236.3110046,CCCCCCCOC(=O)C1=CC=C(O)C=C1,20170228,CCCCCCCOC(=O)C1=CC=C(O)C=C1,HL,,,,,,,,,,8.234,0.15,15,MA,HL/H+L,OH acids,pKa(HL/H+L; 15) = 8.23+/-0.15,,,C14H20O3,236.3068
64-77-7,CAS-RN matched <b>null</b>,DTXSID8021359,DTXCID801359,DSSTox_Low,Tolbutamide,64-77-7,Single Compound,,CCCCNC(=O)NS(=O)(=O)C1=CC=C(C)C=C1,"InChI=1S/C12H18N2O3S/c1-3-4-9-13-12(15)14-18(16,17)11-7-5-10(2)6-8-11/h5-8H,3-4,9H2,1-2H3,(H2,13,14,15)
AuxInfo=1/1/N:18,10,17,16,6,8,5,9,15,7,4,12,14,11,13,1,3,2/E:(5,6)(7,8)(16,17)/CRV:18.6/rA:18OSOCCCCCCCNCONCCCC/rB:d1;d2;s2;d4;s5;d6;s7;s4d8;s7;s2;s11;d12;s12;s14;s15;s16;s17;/rC:7.4516,0,0;6.6824,-1.334,0;5.9011,-2.6681,0;8.0164,-2.1032,0;9.3505,-1.334,0;10.6845,-2.1032,0;10.6845,-3.6536,0;9.3505,-4.4228,0;8.0164,-3.6536,0;12.0186,-4.4228,0;5.3363,-.5649,0;4.0022,-1.334,0;4.0022,-2.8844,0;2.6681,-.5649,0;1.334,-1.334,0;1.334,-2.8844,0;0,-3.6536,0;0,-5.1921,0;
",JLRGJRBPOGGCBT-UHFFFAOYSA-N,C12H18N2O3S,270.3500061,CCCCNC(=O)NS(=O)(=O)C1=CC=C(C)C=C1,20170228,CCCCNC(=O)NS(=O)(=O)C1=CC=C(C)C=C1,H2L,-1.502,0.7,5,MB,H3L/H+H2L,NH+ acids,Adjacent Reaction Center,pKa(H3L/H+H2L; 5) = -1.50+/-0.70,,5.368,0.1,8,MA,H2L/H+HL,NH acids,pKa(H2L/H+HL; 8) = 5.37+/-0.10,,Adjacent Reaction Center,C12H18N2O3S,270.3479
85-68-7,CAS-RN matched <b>null</b>,DTXSID3020205,DTXCID70205,DSSTox_Low,Benzyl butyl phthalate,85-68-7,Single Compound,,CCCCOC(=O)C1=C(C=CC=C1)C(=O)OCC1=CC=CC=C1,"InChI=1S/C19H20O4/c1-2-3-13-22-18(20)16-11-7-8-12-17(16)19(21)23-14-15-9-5-4-6-10-15/h4-12H,2-3,13-14H2,1H3
AuxInfo=1/0/N:16,15,14,23,21,22,11,12,19,20,9,10,13,17,18,1,2,3,4,7,8,5,6/E:(5,6)(9,10)/rA:23CCCCOOOOCCCCCCCCCCCCCCC/rB:d1;s1;s2;s3;s4;d3;d4;s1;s2;d9;d10s11;s5;s13;s14;s15;s6;s17;s18;d18;d19;s20;s21d22;/rC:2.6703,-6.9153,0;2.6703,-5.3727,0;3.9896,-7.6706,0;3.9896,-4.6173,0;5.3194,-6.894,0;5.3194,-5.3939,0;3.9896,-9.2132,0;3.9896,-3.0746,0;1.3298,-7.6919,0;1.3298,-4.6173,0;0,-6.9153,0;0,-5.3727,0;6.6493,-7.6706,0;7.9897,-6.894,0;9.309,-7.6706,0;10.6389,-6.894,0;6.6493,-4.6173,0;6.6493,-3.0746,0;5.3194,-2.3192,0;7.9897,-2.3192,0;5.3407,-.7766,0;8.011,-.7766,0;6.6706,0,0;
",IRIAEXORFWYRCZ-UHFFFAOYSA-N,C19H20O4,312.365,CCCCOC(=O)C1=C(C=CC=C1)C(=O)OCC1=CC=CC=C1,20170228,CCCCOC(=O)C1=C(C=CC=C1)C(=O)OCC1=CC=CC=C1,,,,,,,,,,The structure does not contain ionization centers calculated by current version of ACD/pKa,,,,,,,,,,C19H20O4,312.3597
94-26-8,CAS-RN matched <b>null</b>,DTXSID3020209,DTXCID90209,DSSTox_High,Butylparaben,94-26-8,Single Compound,,CCCCOC(=O)C1=CC=C(O)C=C1,"InChI=1S/C11H14O3/c1-2-3-8-14-11(13)9-4-6-10(12)7-5-9/h4-7,12H,2-3,8H2,1H3
AuxInfo=1/0/N:14,13,12,4,8,5,7,11,3,6,2,9,1,10/E:(4,5)(6,7)/rA:14OCCCCCCCOOCCCC/rB:d1;s2;d3;s4;d5;s6;s3d7;s6;s2;s10;s11;s12;s13;/rC:4.6284,0,0;5.4037,-1.3423,0;6.9426,-1.3423,0;7.7178,0,0;9.2567,0,0;10.032,-1.3423,0;9.2567,-2.6729,0;7.7178,-2.6729,0;11.5709,-1.3423,0;4.6284,-2.6729,0;3.0895,-2.6729,0;2.3142,-1.3423,0;.7753,-1.3423,0;;
",QFOHBWFCKVYLES-UHFFFAOYSA-N,C11H14O3,194.2299957,CCCCOC(=O)C1=CC=C(O)C=C1,20170228,CCCCOC(=O)C1=CC=C(O)C=C1,HL,,,,,,,,,,8.219,0.15,12,MA,HL/H+L,OH acids,pKa(HL/H+L; 12) = 8.22+/-0.15,,,C11H14O3,194.2271
126-73-8,CAS-RN matched <b>null</b>,DTXSID3021986,DTXCID701986,DSSTox_High,Tributyl phosphate,126-73-8,Single Compound,,CCCCOP(=O)(OCCCC)OCCCC,"InChI=1S/C12H27O4P/c1-4-7-10-14-17(13,15-11-8-5-2)16-12-9-6-3/h4-12H2,1-3H3
AuxInfo=1/0/N:1,12,17,2,11,16,3,10,15,4,9,14,7,5,8,13,6/E:(1,2,3)(4,5,6)(7,8,9)(10,11,12)(14,15,16)/rA:17CCCCOPOOCCCCOCCCC/rB:s1;s2;s3;s4;s5;d6;s6;s8;s9;s10;s11;s6;s13;s14;s15;s16;/rC:11.4959,-3.8511,0;10.1624,-4.6214,0;8.8288,-3.8511,0;7.4954,-4.6214,0;6.1618,-3.8511,0;6.1618,-2.3107,0;7.7023,-2.3107,0;4.6214,-2.3107,0;3.8511,-3.6441,0;2.3107,-3.6441,0;1.5405,-4.9777,0;0,-4.9777,0;6.1618,-.7702,0;7.4954,0,0;8.8288,-.7702,0;10.1624,0,0;11.4959,-.7702,0;
",STCOOQWBFONSKY-UHFFFAOYSA-N,C12H27O4P,266.318,CCCCOP(=O)(OCCCC)OCCCC,20170228,CCCCOP(=O)(OCCCC)OCCCC,,,,,,,,,,The structure does not contain ionization centers calculated by current version of ACD/pKa,,,,,,,,,,C12H27O4P,266.3141
94-13-3,CAS-RN matched <b>null</b>,DTXSID4022527,DTXCID602527,DSSTox_Low,Propylparaben,94-13-3,Single Compound,,CCCOC(=O)C1=CC=C(O)C=C1,"InChI=1S/C10H12O3/c1-2-7-13-10(12)8-3-5-9(11)6-4-8/h3-6,11H,2,7H2,1H3
AuxInfo=1/0/N:13,12,3,7,4,6,11,2,5,1,8,9,10/E:(3,4)(5,6)/rA:13CCCCCCCOOOCCC/rB:s1;d2;s3;d4;s5;s2d6;s5;d1;s1;s10;s11;s12;/rC:6.1539,-2.662,0;4.6235,-2.662,0;3.8475,-3.9984,0;2.3064,-3.9984,0;1.5412,-2.662,0;2.3064,-1.3364,0;3.8475,-1.3364,0;0,-2.662,0;6.9299,-3.9984,0;6.9299,-1.3364,0;8.471,-1.3364,0;9.2362,0,0;10.7774,0,0;
",QELSKZZBTMNZEB-UHFFFAOYSA-N,C10H12O3,180.2030029,CCCOC(=O)C1=CC=C(O)C=C1,20170228,CCCOC(=O)C1=CC=C(O)C=C1,HL,,,,,,,,,,8.227,0.15,11,MA,HL/H+L,OH acids,pKa(HL/H+L; 11) = 8.23+/-0.15,,,C10H12O3,180.2005
120-47-8,CAS-RN matched <b>null</b>,DTXSID9022528,DTXCID002528,DSSTox_Low,Ethylparaben,120-47-8,Single Compound,,CCOC(=O)C1=CC=C(O)C=C1,"InChI=1S/C9H10O3/c1-2-12-9(11)7-3-5-8(10)6-4-7/h3-6,10H,2H2,1H3
AuxInfo=1/0/N:12,11,3,7,4,6,2,5,1,8,9,10/E:(3,4)(5,6)/rA:12CCCCCCCOOOCC/rB:s1;d2;s3;d4;s5;s2d6;s5;d1;s1;s10;s11;/rC:6.1506,-2.6649,0;4.6106,-2.6649,0;3.8453,-3.9928,0;2.3053,-3.9928,0;1.54,-2.6649,0;2.3053,-1.3278,0;3.8453,-1.3278,0;0,-2.6649,0;6.9159,-3.9928,0;6.9159,-1.3278,0;8.4559,-1.3278,0;9.2213,0,0;
",NUVBSKCKDOMJSU-UHFFFAOYSA-N,C9H10O3,166.1759949,CCOC(=O)C1=CC=C(O)C=C1,20170228,CCOC(=O)C1=CC=C(O)C=C1,HL,,,,,,,,,,8.306,0.13,10,MA,HL/H+L,OH acids,pKa(HL/H+L; 10) = 8.31+/-0.13,,,C9H10O3,166.1739
62-44-2,CAS-RN matched <b>null</b>,DTXSID1021116,DTXCID001116,DSSTox_Low,Phenacetin,62-44-2,Single Compound,,CCOC1=CC=C(NC(C)=O)C=C1,"InChI=1S/C10H13NO2/c1-3-13-10-6-4-9(5-7-10)11-8(2)12/h4-7H,3H2,1-2H3,(H,11,12)
AuxInfo=1/1/N:13,1,12,6,10,7,9,2,5,8,4,3,11/E:(4,5)(6,7)/rA:13CCONCCCCCCOCC/rB:s1;d2;s2;s4;d5;s6;d7;s8;s5d9;s8;s11;s12;/rC:10.6755,0,0;9.3411,-.7686,0;9.3411,-2.3166,0;8.0067,0,0;6.6722,-.7686,0;6.6722,-2.3166,0;5.3377,-3.0853,0;4.0033,-2.3166,0;4.0033,-.7686,0;5.3377,0,0;2.6689,-3.0853,0;1.3344,-2.3166,0;0,-3.0853,0;
",CPJSUEIXXCENMM-UHFFFAOYSA-N,C10H13NO2,179.2189941,CCOC1=CC=C(NC(C)=O)C=C1,20170228,CCOC1=CC=C(NC(C)=O)C=C1,HL,1.423,0.5,8,MB,H2L/H+HL,NH+ acids,,pKa(H2L/H+HL; 8) = 1.42+/-0.50,,14.569,0.7,8,MA,HL/H+L,NH acids,pKa(HL/H+L; 8) = 14.57+/-0.70,,Strong Hammet Equation,C10H13NO2,179.2157
2921-88-2,CAS-RN matched <b>null</b>,DTXSID4020458,DTXCID80458,DSSTox_Low,Chlorpyrifos,2921-88-2,Single Compound,,CCOP(=S)(OCC)OC1=NC(Cl)=C(Cl)C=C1Cl,"InChI=1S/C9H11Cl3NO3PS/c1-3-14-17(18,15-4-2)16-9-7(11)5-6(10)8(12)13-9/h5H,3-4H2,1-2H3
AuxInfo=1/0/N:15,18,14,17,8,7,9,6,4,11,10,12,5,13,16,3,2,1/E:(1,2)(3,4)(14,15)/rA:18SPOCNCCCCClClClOCCOCC/rB:d1;s2;s3;d4;s5;d6;s7;s4d8;s9;s7;s6;s2;s13;s14;s2;s16;s17;/rC:7.441,-5.3378,0;6.6723,-4.0034,0;5.3378,-4.772,0;4.0034,-4.0034,0;2.6689,-4.772,0;1.3344,-4.0034,0;1.3344,-2.4661,0;2.6689,-1.6867,0;4.0034,-2.4661,0;5.3378,-1.6867,0;0,-1.6867,0;0,-4.772,0;5.9037,-2.6689,0;6.6723,-1.3344,0;5.9037,0,0;8.0067,-3.2347,0;9.3411,-4.0034,0;10.6756,-3.2347,0;
",SBPBAQFWLVIOKP-UHFFFAOYSA-N,C9H11Cl3NO3PS,350.5700073,CCOP(=S)(OCC)OC1=NC(Cl)=C(Cl)C=C1Cl,20170228,CCOP(=S)(OCC)OC1=NC(Cl)=C(Cl)C=C1Cl,L,-5.28,0.1,11,MB,HL/H+L,NH+ acids,,pKa(HL/H+L; 11) = -5.28+/-0.10,,,,,,,,,,,C9H11Cl3NO3PS,350.5863
309-00-2,CAS-RN matched <b>null</b>,DTXSID8020040,DTXCID10819882,DSSTox_High,Aldrin,309-00-2,Mixture of Stereoisomers,,ClC1=C(Cl)[C@]2(Cl)[C@@H]3[C@@H]4C[C@@H](C=C4)[C@@H]3[C@@]1(Cl)C2(Cl)Cl,"InChI=1/C12H8Cl6/c13-8-9(14)11(16)7-5-2-1-4(3-5)6(7)10(8,15)12(11,17)18/h1-2,4-7H,3H2/t4-,5+,6+,7-,10+,11-
AuxInfo=1/0/N:6,5,11,4,3,2,1,10,8,9,7,12,15,14,16,13,17,18/E:(1,2)(4,5)(6,7)(8,9)(10,11)(13,14)(15,16)(17,18)/rA:18C.eC.oC.eC.oCCC.oCC.eCCCClClClClClCl/rB:N1;s1;s2;s3;s4d5;s1;s7;N2;d8s9;N3N4;P7P9;s7;s8;s10;s9;s12;s12;/rC:-.7025,.7356,0;-.7025,-.7356,0;-1.9948,1.5309,0;-1.9948,-1.5374,0;-3.3135,.7356,0;-3.3135,-.7356,0;.6428,1.5309,0;1.9616,.7356,0;.6428,-1.5374,0;1.9616,-.7952,0;-1.2856,-.126,0;1.3518,-.0331,0;.6428,3.0683,0;3.3135,1.5309,0;3.3135,-1.5374,0;.6428,-3.0683,0;2.8231,.3711,0;-.1856,-.0331,0;
",QBYJBZPUGVGKQQ-SJJAEHHWNA-N,C12H8Cl6,364.8999939,ClC1=C(Cl)C2(Cl)C3C4CC(C=C4)C3C1(Cl)C2(Cl)Cl,20170228,ClC1=C(Cl)C2(Cl)C3C4CC(C=C4)C3C1(Cl)C2(Cl)Cl,,,,,,,,,,The structure does not contain ionization centers calculated by current version of ACD/pKa,,,,,,,,,,C12H8Cl6,364.9099
80-07-9,CAS-RN matched <b>null</b>,DTXSID9024986,DTXCID004986,DSSTox_Low,"4,4'-Dichlorodiphenyl sulfone",80-07-9,Single Compound,,ClC1=CC=C(C=C1)S(=O)(=O)C1=CC=C(Cl)C=C1,"InChI=1S/C12H8Cl2O2S/c13-9-1-5-11(6-2-9)17(15,16)12-7-3-10(14)4-8-12/h1-8H
AuxInfo=1/0/N:6,9,13,16,5,10,12,17,7,14,4,11,8,15,2,3,1/E:(1,2,3,4)(5,6,7,8)(9,10)(11,12)(13,14)(15,16)/CRV:17.6/rA:17SOOCCCCClCCCCCCClCC/rB:d1;d1;s1;s4;d5;s6;s7;d7;d4s9;s1;s11;d12;s13;s14;d14;d11s16;/rC:5.3351,-1.3296,0;6.6647,-.5554,0;4.5693,0,0;6.1093,-2.6676,0;7.6492,-2.6676,0;8.415,-3.9887,0;7.6492,-5.3267,0;8.415,-6.6647,0;6.1093,-5.3267,0;5.3351,-3.9887,0;3.9971,-2.0953,0;3.9971,-3.6353,0;2.676,-4.4179,0;1.338,-3.6353,0;0,-4.4179,0;1.338,-2.0953,0;2.676,-1.3296,0;
",GPAPPPVRLPGFEQ-UHFFFAOYSA-N,C12H8Cl2O2S,287.1499939,ClC1=CC=C(C=C1)S(=O)(=O)C1=CC=C(Cl)C=C1,20170228,ClC1=CC=C(C=C1)S(=O)(=O)C1=CC=C(Cl)C=C1,,,,,,,,,,The structure does not contain ionization centers calculated by current version of ACD/pKa,,,,,,,,,,C12H8Cl2O2S,287.1617
143-50-0,CAS-RN matched <b>null</b>,DTXSID1020770,DTXCID10770,DSSTox_Low,Kepone,143-50-0,Single Compound,,ClC12C(=O)C3(Cl)C4(Cl)C1(Cl)C1(Cl)C2(Cl)C3(Cl)C4(Cl)C1(Cl)Cl,"InChI=1/C10Cl10O/c11-2-1(21)3(12)6(15)4(2,13)8(17)5(2,14)7(3,16)9(6,18)10(8,19)20
AuxInfo=1/0/N:10,7,8,1,2,3,4,5,6,9,18,19,15,13,12,14,16,17,20,21,11/E:(2,3)(4,5,6,7)(8,9)(11,12)(13,14,15,16)(17,18)(19,20)/rA:21CCCCCCCCCCOClClClClClClClClClCl/rB:;s1;s2;s1s2;s3s4;s1s2;s3s4;s5s6;s7s8;d10;s3;s2;s4;s1;s5;s6;s7;s8;s9;s9;/rC:2.8954,-2.0618,0;4.4354,-3.6463,0;1.9154,-1.3681,0;3.4618,-2.9463,0;4.4354,-2.0618,0;3.4618,-1.3681,0;2.8954,-3.6463,0;1.9154,-2.9463,0;5.4981,-1.0691,0;1.0182,-3.8436,0;0,-4.4736,0;1.4063,-.77,0;4.7855,-4.3909,0;4.0536,-2.6218,0;2.2591,-2.3354,0;5.2309,-2.3545,0;3.9009,-.6619,0;3.2009,-4.4736,0;1.1709,-2.6918,0;5.8609,0,0;6.3636,-1.7118,0;
",LHHGDZSESBACKH-UHFFFAOYNA-N,C10Cl10O,490.6099854,ClC12C(=O)C3(Cl)C4(Cl)C1(Cl)C1(Cl)C2(Cl)C3(Cl)C4(Cl)C1(Cl)Cl,20170228,ClC12C(=O)C3(Cl)C4(Cl)C1(Cl)C1(Cl)C2(Cl)C3(Cl)C4(Cl)C1(Cl)Cl,,,,,,,,,,The structure does not contain ionization centers calculated by current version of ACD/pKa,,,,,,,,,,C10Cl10O,490.6364
2385-85-5,CAS-RN matched <b>null</b>,DTXSID7020895,DTXCID10895,DSSTox_Low,Mirex,2385-85-5,Single Compound,,ClC12C3(Cl)C4(Cl)C5(Cl)C(Cl)(C1(Cl)C4(Cl)Cl)C2(Cl)C(Cl)(Cl)C35Cl,"InChI=1S/C10Cl12/c11-1-2(12)7(17)4(14)3(13,5(1,15)9(7,19)20)6(1,16)10(21,22)8(2,4)18
AuxInfo=1/0/N:1,3,2,4,5,7,6,8,9,10,13,11,14,12,16,17,18,15,19,20,21,22/E:(1,2,3,4)(5,6,7,8)(9,10)(11,12,13,14)(15,16,17,18)(19,20,21,22)/rA:22CCCCCCCCCCClClClClClClClClClClClCl/rB:;s1;s2;s1s2;s3s4;s1s2;s3s4;s5s6;s7s8;s3;s4;s1;s2;s8;s5;s7;s6;s9;s9;s10;s10;/rC:2.1106,-1.6913,0;3.6506,-3.1762,0;3.3068,-2.7775,0;4.8674,-4.2555,0;2.1106,-3.1762,0;3.3068,-4.2555,0;3.6506,-1.6913,0;4.8674,-2.7775,0;.8869,-5.0186,0;6.153,-.8731,0;2.6125,-2.7775,0;5.6237,-4.2555,0;1.3475,-1.6913,0;4.4412,-3.1762,0;5.6511,-2.7775,0;1.3268,-3.1762,0;3.6506,-1.0175,0;3.3068,-4.9362,0;0,-4.3793,0;.6738,-6.0018,0;6.428,0,0;6.8749,-1.4918,0;
",GVYLCNUFSHDAAW-UHFFFAOYSA-N,C10Cl12,545.5100098,ClC12C3(Cl)C4(Cl)C5(Cl)C(Cl)(C1(Cl)C4(Cl)Cl)C2(Cl)C(Cl)(Cl)C35Cl,20170228,ClC12C3(Cl)C4(Cl)C5(Cl)C(Cl)(C1(Cl)C4(Cl)Cl)C2(Cl)C(Cl)(Cl)C35Cl,,,,,,,,,,The structure does not contain ionization centers calculated by current version of ACD/pKa,,,,,,,,,,C10Cl12,545.543
608-73-1,CAS-RN matched <b>null</b>,DTXSID7020687,DTXCID30687,DSSTox_High,"1,2,3,4,5,6-Hexachlorocyclohexane",608-73-1,Mixture of Stereoisomers,mixture of stereo isomers,ClC1C(Cl)C(Cl)C(Cl)C(Cl)C1Cl,"InChI=1S/C6H6Cl6/c7-1-2(8)4(10)6(12)5(11)3(1)9/h1-6H
AuxInfo=1/0/N:2,3,8,4,7,5,1,12,9,11,10,6/E:(1,2,3,4,5,6)(7,8,9,10,11,12)/rA:12ClCCCCClCCClClClCl/rB:s1;s2;s3;s4;s5;s5;s2s7;s8;s7;s4;s3;/rC:0,-2.6627,0;1.5373,-2.6627,0;2.306,-1.3282,0;3.8433,-1.3282,0;4.612,-2.6627,0;6.1494,-2.6627,0;3.8433,-3.9971,0;2.306,-3.9971,0;1.5373,-5.3253,0;4.612,-5.3253,0;4.612,0,0;1.5373,0,0;
",JLYXXMFPNIAWKQ-UHFFFAOYSA-N,C6H6Cl6,290.81,ClC1C(Cl)C(Cl)C(Cl)C(Cl)C1Cl,20170626,ClC1C(Cl)C(Cl)C(Cl)C(Cl)C1Cl,,,,,,,,,,The structure does not contain ionization centers calculated by current version of ACD/pKa,,,,,,,,,,C6H6Cl6,290.8298
115-96-8,CAS-RN matched <b>null</b>,DTXSID5021411,DTXCID601411,DSSTox_High,Tris(2-chloroethyl) phosphate,115-96-8,Single Compound,,ClCCOP(=O)(OCCCl)OCCCl,"InChI=1S/C6H12Cl3O4P/c7-1-4-11-14(10,12-5-2-8)13-6-3-9/h1-6H2
AuxInfo=1/0/N:5,9,13,4,8,12,6,10,14,1,3,7,11,2/E:(1,2,3)(4,5,6)(7,8,9)(11,12,13)/rA:14OPOCCClOCCClOCCCl/rB:d1;s2;s3;s4;s5;s2;s7;s8;s9;s2;s11;s12;s13;/rC:4.5736,-3.2882,0;5.3408,-4.6235,0;6.6761,-3.8561,0;6.6761,-2.3117,0;5.3408,-1.5445,0;5.3408,0,0;6.1081,-5.9586,0;7.6526,-5.9586,0;8.4198,-4.6235,0;9.9643,-4.6235,0;4.0056,-5.3907,0;2.6705,-4.6235,0;1.3352,-5.3907,0;0,-4.6235,0;
",HQUQLFOMPYWACS-UHFFFAOYSA-N,C6H12Cl3O4P,285.480011,ClCCOP(=O)(OCCCl)OCCCl,20170228,ClCCOP(=O)(OCCCl)OCCCl,,,,,,,,,,The structure does not contain ionization centers calculated by current version of ACD/pKa,,,,,,,,,,C6H12Cl3O4P,285.4898
680-31-9,CAS-RN matched <b>null</b>,DTXSID6020694,DTXCID60694,DSSTox_High,Hexamethylphosphoramide,680-31-9,Single Compound,,CN(C)P(=O)(N(C)C)N(C)C,"InChI=1S/C6H18N3OP/c1-7(2)11(10,8(3)4)9(5)6/h1-6H3
AuxInfo=1/0/N:6,8,7,10,9,11,3,2,4,5,1/E:(1,2,3,4,5,6)(7,8,9)/rA:11PNNNOCCCCCC/rB:s1;s1;s1;d1;s3;s2;s3;s4;s2;s4;/rC:1.5434,-2.3036,0;1.5434,-.7602,0;1.5434,-3.847,0;3.0822,-2.3036,0;0,-2.3036,0;.2028,-4.6072,0;2.8795,0,0;2.8611,-4.6072,0;3.8654,-3.6581,0;.2212,0,0;3.8654,-.986,0;
",GNOIPBMMFNIUFM-UHFFFAOYSA-N,C6H18N3OP,179.2039948,CN(C)P(=O)(N(C)C)N(C)C,20170228,CN(C)P(=O)(N(C)C)N(C)C,L,4.688,0.7,2,MB,HL/H+L,NH+ acids,Adjacent Reaction Center ; Strong Hammet Equation,pKa(HL/H+L; 2) = 4.69+/-0.70,,,,,,,,,,,C6H18N3OP,179.2004
58-08-2,CAS-RN matched <b>null</b>,DTXSID0020232,DTXCID40232,DSSTox_Low,Caffeine,58-08-2,Single Compound,,CN1C=NC2=C1C(=O)N(C)C(=O)N2C,"InChI=1S/C8H10N4O2/c1-10-4-9-6-5(10)7(13)12(3)8(14)11(6)2/h4H,1-3H3
AuxInfo=1/0/N:8,14,13,6,3,4,2,10,5,7,9,12,1,11/rA:14OCCCNCNCNCONCC/rB:d1;s2;d3;s4;d5;s3s6;s7;s4;s9;d10;s2s10;s12;s9;/rC:4.616,-5.3356,0;3.8527,-4.0053,0;4.616,-2.6677,0;3.8527,-1.3375,0;4.8777,-.189,0;6.2878,-.8141,0;6.1279,-2.3479,0;7.2691,-3.3802,0;2.3116,-1.3375,0;1.5411,-2.6677,0;0,-2.6677,0;2.3116,-4.0053,0;1.5411,-5.3356,0;1.5411,0,0;
",RYYVLZVUVIJVGH-UHFFFAOYSA-N,C8H10N4O2,194.1940002,CN1C=NC2=C1C(=O)N(C)C(=O)N2C,20170228,CN1C=NC2=C1C(=O)N(C)C(=O)N2C,L,0.523,0.7,4,MB,HL/H+L,NH+ acids,,pKa(HL/H+L; 4) = 0.52+/-0.70,,,,,,,,,,,C8H10N4O2,194.1906
60-80-0,CAS-RN matched <b>null</b>,DTXSID6021117,DTXCID401117,DSSTox_Low,Phenazone,60-80-0,Single Compound,,CN1N(C(=O)C=C1C)C1=CC=CC=C1,"InChI=1S/C11H12N2O/c1-9-8-11(14)13(12(9)2)10-6-4-3-5-7-10/h3-8H,1-2H3
AuxInfo=1/0/N:14,1,7,6,8,5,9,12,13,4,10,2,3,11/E:(4,5)(6,7)/rA:14CNNCCCCCCCOCCC/rB:s1;s2;s3;d4;s5;d6;s7;s4d8;s3;d10;s10;s2d12;s13;/rC:5.5874,-5.2429,0;5.6714,-3.7053,0;4.4699,-2.7307,0;2.9828,-3.1339,0;2.5794,-4.6212,0;1.0923,-5.0161,0;0,-3.9322,0;.4034,-2.4366,0;1.8905,-2.0417,0;5.0244,-1.2939,0;4.1842,0,0;6.562,-1.3696,0;6.9654,-2.8651,0;8.4021,-3.4113,0;
",VEQOALNAAJBPNY-UHFFFAOYSA-N,C11H12N2O,188.23,CN1N(C(=O)C=C1C)C1=CC=CC=C1,20170228,CN1N(C(=O)C=C1C)C1=CC=CC=C1,L,0.65,0.65,2,MB,HL/H+L,NH+ acids,,pKa(HL/H+L; 2) = 0.65+/-0.65,,,,,,,,,,,C11H12N2O,188.2258
99-76-3,CAS-RN matched <b>null</b>,DTXSID4022529,DTXCID402529,DSSTox_Low,Methylparaben,99-76-3,Single Compound,,COC(=O)C1=CC=C(O)C=C1,"InChI=1S/C8H8O3/c1-11-8(10)6-2-4-7(9)5-3-6/h2-5,9H,1H3
AuxInfo=1/0/N:11,3,7,4,6,2,5,1,8,9,10/E:(2,3)(4,5)/rA:11CCCCCCCOOOC/rB:s1;d2;s3;d4;s5;s2d6;s5;d1;s1;s10;/rC:6.149,-2.663,0;4.6134,-2.663,0;3.8458,-3.991,0;2.3033,-3.991,0;1.5355,-2.663,0;2.3033,-1.328,0;3.8458,-1.328,0;0,-2.663,0;6.9167,-3.991,0;6.9167,-1.328,0;6.149,0,0;
",LXCFILQKKLGQFO-UHFFFAOYSA-N,C8H8O3,152.1490021,COC(=O)C1=CC=C(O)C=C1,20170228,COC(=O)C1=CC=C(O)C=C1,HL,,,,,,,,,,8.306,0.13,9,MA,HL/H+L,OH acids,pKa(HL/H+L; 9) = 8.31+/-0.13,,,C8H8O3,152.1473
10605-21-7,CAS-RN matched <b>null</b>,DTXSID4024729,DTXCID004729,DSSTox_High,Carbendazim,10605-21-7,Single Compound,,COC(=O)NC1=NC2=CC=CC=C2N1,"InChI=1S/C9H9N3O2/c1-14-9(13)12-8-10-6-4-2-3-5-7(6)11-8/h2-5H,1H3,(H2,10,11,12,13)
AuxInfo=1/1/N:5,10,11,9,12,8,13,6,2,7,14,1,3,4/E:(2,3)(4,5)(6,7)(10,11)/rA:14NCOOCCNCCCCCCN/rB:s1;d2;s2;s4;s1;d6;s7;d8;s9;d10;s11;s8d12;s6s13;/rC:6.5744,-1.5446,0;7.3467,-2.8769,0;6.5744,-4.2091,0;8.8818,-2.8769,0;9.654,-1.5446,0;5.0394,-1.5446,0;4.1319,-2.79,0;2.6645,-2.317,0;1.3323,-3.0796,0;0,-2.317,0;0,-.7724,0;1.3323,0,0;2.6645,-.7724,0;4.1319,-.2992,0;
",TWFZGCMQGLPBSX-UHFFFAOYSA-N,C9H9N3O2,191.1900024,COC(=O)NC1=NC2=CC=CC=C2N1,20170228,COC(=O)NC1=NC2=CC=CC=C2N1,H2L,4.5,0.1,14,MB,H3L/H+H2L,NH+ acids,Adjacent Reaction Center,pKa(H3L/H+H2L; 14) = 4.50+/-0.10,,7.789,0.23,5,MA,H2L/H+HL,NH acids,pKa(H2L/H+HL; 5) = 7.79+/-0.23,,Strong Hammet Equation,C9H9N3O2,191.1867
111991-09-4,CAS-RN matched <b>null</b>,DTXSID6034764,DTXCID4014764,DSSTox_Low,Nicosulfuron,111991-09-4,Single Compound,,COC1=CC(OC)=NC(NC(=O)NS(=O)(=O)C2=NC=CC=C2C(=O)N(C)C)=N1,"InChI=1S/C15H18N6O6S/c1-21(2)13(22)9-6-5-7-16-12(9)28(24,25)20-15(23)19-14-17-10(26-3)8-11(18-14)27-4/h5-8H,1-4H3,(H2,17,18,19,20,23)
AuxInfo=1/1/N:24,25,26,27,28,20,23,13,4,12,11,2,8,3,9,16,6,7,10,5,17,18,19,14,15,21,22,1/E:(1,2)(3,4)(10,11)(17,18)(24,25)(26,27)/CRV:28.6/rA:28SCCCNNNCCNCCCOONNOOCOOCCCCCC/rB:s1;;s2;s1;s3;d3;s4;s5;s3s9;s7;d6;d11s12;d1;d1;d2;s8;d8;d9;d4;s12;s11;s16;s17;s17;s21;s22;s20d23;/rC:6.9153,-5.3028,0;6.1744,-3.9807,0;4.5763,-9.2253,0;6.9734,-2.6441,0;7.6418,-6.6393,0;3.0509,-9.2253,0;5.3753,-10.5473,0;8.4843,-2.6441,0;6.9153,-7.9178,0;5.3753,-7.9178,0;4.5763,-11.8839,0;2.339,-10.5473,0;3.0509,-11.8839,0;5.5788,-6.0291,0;8.2229,-4.5182,0;4.6344,-3.9807,0;9.2834,-1.322,0;9.2834,-4.0533,0;7.6418,-9.2834,0;6.1744,-1.322,0;.799,-10.5473,0;5.3753,-13.206,0;3.8354,-2.6441,0;10.8233,-1.322,0;8.4843,0,0;0,-9.2253,0;4.5763,-14.528,0;4.6344,-1.322,0;
",RTCOGUMHFFWOJV-UHFFFAOYSA-N,C15H18N6O6S,410.4100037,COC1=CC(OC)=NC(NC(=O)NS(=O)(=O)C2=NC=CC=C2C(=O)N(C)C)=N1,20170228,COC1=CC(OC)=NC(NC(=O)NS(=O)(=O)C2=NC=CC=C2C(=O)N(C)C)=N1,H2L,-0.998,0.1,8,MB,H3L/H+H2L,NH+ acids,Adjacent Reaction Center ; Strong Hammet Equation,pKa(H3L/H+H2L; 8) = -1.00+/-0.10,,3.966,0.1,13,MA,H2L/H+HL,NH acids,pKa(H2L/H+HL; 13) = 3.97+/-0.10,,Adjacent Reaction Center,C15H18N6O6S,410.405
52-53-9,CAS-RN matched <b>null</b>,DTXSID9041152,DTXCID7021152,DSSTox_Low,Verapamil,52-53-9,Single Compound,,COC1=CC=C(CCN(C)CCCC(C#N)(C(C)C)C2=CC=C(OC)C(OC)=C2)C=C1OC,"InChI=1/C27H38N2O4/c1-20(2)27(19-28,22-10-12-24(31-5)26(18-22)33-7)14-8-15-29(3)16-13-21-9-11-23(30-4)25(17-21)32-6/h9-12,17-18,20H,8,13-16H2,1-7H3
AuxInfo=1/0/N:30,33,24,28,27,26,25,22,14,8,11,10,18,19,23,16,9,3,31,29,12,2,7,6,5,4,1,32,13,20,21,17,15/E:(1,2)/rA:33CCCCCCCCCCCCNCOCOCCOOCCCCCCCCCCNC/rB:s1;s2;d3;;s4;s5;d2;d5;d6s8;d7;s9;;s11d12;s4;s13;s5;s12s16;s1;s7;s6;s19;s13s22;s13;s15;s17;s21;s20;s1;s29;s1;t31;s29;/rC:5.3478,-5.3852,0;4.0015,-4.6185,0;2.6738,-5.3852,0;1.3463,-4.6185,0;16.0246,-2.2999,0;1.3463,-3.0853,0;17.3522,-3.0853,0;4.0015,-3.0853,0;14.6783,-3.0853,0;2.6738,-2.2999,0;17.3522,-4.6185,0;14.6783,-4.6185,0;10.6768,-5.3852,0;16.0246,-5.3852,0;0,-5.3852,0;12.0045,-4.6185,0;16.0246,-.7667,0;13.3508,-5.3852,0;6.6753,-4.6185,0;18.6986,-2.2999,0;0,-2.2999,0;8.0216,-5.3852,0;9.3305,-4.6185,0;10.6768,-6.9371,0;0,-6.9371,0;14.6783,0,0;0,-.7667,0;18.6986,-.7667,0;6.0957,-6.7314,0;7.6477,-6.7502,0;4.5624,-6.7128,0;3.7771,-8.0404,0;5.3291,-8.0591,0;
",SGTNSNPWRIOYBX-UHFFFAOYNA-N,C27H38N2O4,454.6109924,COC1=CC=C(CCN(C)CCCC(C#N)(C(C)C)C2=CC=C(OC)C(OC)=C2)C=C1OC,20170228,COC1=CC=C(CCN(C)CCCC(C#N)(C(C)C)C2=CC=C(OC)C(OC)=C2)C=C1OC,L,8.97,0.5,9,MB,HL/H+L,NH+ acids,,pKa(HL/H+L; 9) = 8.97+/-0.50,,,,,,,,,,,C27H38N2O4,454.6016
52-53-9,CAS-RN matched <b>null</b>,DTXSID9041152,DTXCID7021152,DSSTox_Low,Verapamil,52-53-9,Single Compound,,COC1=CC=C(CCN(C)CCCC(C#N)(C(C)C)C2=CC=C(OC)C(OC)=C2)C=C1OC,"InChI=1/C27H38N2O4/c1-20(2)27(19-28,22-10-12-24(31-5)26(18-22)33-7)14-8-15-29(3)16-13-21-9-11-23(30-4)25(17-21)32-6/h9-12,17-18,20H,8,13-16H2,1-7H3
AuxInfo=1/0/N:30,33,24,28,27,26,25,22,14,8,11,10,18,19,23,16,9,3,31,29,12,2,7,6,5,4,1,32,13,20,21,17,15/E:(1,2)/rA:33CCCCCCCCCCCCNCOCOCCOOCCCCCCCCCCNC/rB:s1;s2;d3;;s4;s5;d2;d5;d6s8;d7;s9;;s11d12;s4;s13;s5;s12s16;s1;s7;s6;s19;s13s22;s13;s15;s17;s21;s20;s1;s29;s1;t31;s29;/rC:5.3478,-5.3852,0;4.0015,-4.6185,0;2.6738,-5.3852,0;1.3463,-4.6185,0;16.0246,-2.2999,0;1.3463,-3.0853,0;17.3522,-3.0853,0;4.0015,-3.0853,0;14.6783,-3.0853,0;2.6738,-2.2999,0;17.3522,-4.6185,0;14.6783,-4.6185,0;10.6768,-5.3852,0;16.0246,-5.3852,0;0,-5.3852,0;12.0045,-4.6185,0;16.0246,-.7667,0;13.3508,-5.3852,0;6.6753,-4.6185,0;18.6986,-2.2999,0;0,-2.2999,0;8.0216,-5.3852,0;9.3305,-4.6185,0;10.6768,-6.9371,0;0,-6.9371,0;14.6783,0,0;0,-.7667,0;18.6986,-.7667,0;6.0957,-6.7314,0;7.6477,-6.7502,0;4.5624,-6.7128,0;3.7771,-8.0404,0;5.3291,-8.0591,0;
",SGTNSNPWRIOYBX-UHFFFAOYNA-N,C27H38N2O4,454.6109924,COC1=CC=C(CCN(C)CCCC(C#N)(C(C)C)C2=CC=C(OC)C(OC)=C2)C=C1OC,20170228,COC1=CC=C(CCN(C)CCCC(C#N)(C(C)C)C2=CC=C(OC)C(OC)=C2)C=C1OC,L,8.97,0.5,9,MB,HL/H+L,NH+ acids,,pKa(HL/H+L; 9) = 8.97+/-0.50,,,,,,,,,,,C27H38N2O4,454.6016
50-55-5,CAS-RN matched <b>null</b>,DTXSID7021237,DTXCID201237,DSSTox_Low,Reserpine,50-55-5,Single Compound,,CO[C@H]1[C@@H](C[C@@H]2CN3CCC4=C(NC5=C4C=CC(OC)=C5)[C@H]3C[C@@H]2[C@@H]1C(=O)OC)OC(=O)C1=CC(OC)=C(OC)C(OC)=C1,"InChI=1S/C33H40N2O9/c1-38-19-7-8-20-21-9-10-35-16-18-13-27(44-32(36)17-11-25(39-2)30(41-4)26(12-17)40-3)31(42-5)28(33(37)43-6)22(18)15-24(35)29(21)34-23(20)14-19/h7-8,11-12,14,18,22,24,27-28,31,34H,9-10,13,15-16H2,1-6H3/t18-,22+,24-,27-,28+,31+/m1/s1
AuxInfo=1/0/N:44,41,42,39,40,43,33,27,23,28,24,25,22,26,13,19,15,10,31,9,3,5,8,6,20,21,11,4,1,16,14,12,17,2,7,29,30,38,36,37,32,34,35,18/E:(2,3)(11,12)(25,26)(39,40)/it:im/rA:44CNCC.oC.eC.eNCCC.oC.eCCC.eCCCOCCCCCCCCCCOOCOCOOOOOCCCCCC/rB:s1;d1;;s4;s1;s6;s2;s3d8;s5;;;P5N6;s4s11;s12;;P4;P11s12;s7P10;d16;s16;s10s11;s3;d15s20;s15d21;s8;s9;s7s23;d12;d17;d26;s16;d27s31;N14;s17;s20;s21;s31;s32;s34;s36;s37;s35;s38;/rC:6.3088,-2.4138,0;5.1202,-3.0538,0;6.3088,-.8412,0;8.9604,-7.022,0;8.9604,-5.5042,0;7.6438,-3.1819,0;8.9604,-2.4138,0;3.895,-2.2492,0;3.895,-.8412,0;10.2771,-4.7179,0;11.6302,-7.022,0;14.2817,-7.0037,0;7.6438,-4.7179,0;10.2771,-7.79,0;14.2817,-5.4677,0;14.2817,-2.3773,0;7.6438,-7.8266,0;12.9469,-7.79,0;10.2771,-3.1819,0;12.9285,-3.1453,0;15.6167,-3.1453,0;11.6302,-5.5042,0;7.6438,-.0731,0;12.9285,-4.6814,0;15.6167,-4.6814,0;2.5601,-3.1087,0;2.5601,0,0;8.9604,-.8412,0;15.6167,-7.7718,0;6.3088,-7.0586,0;1.2617,-2.3407,0;14.2817,-.8229,0;1.2617,-.768,0;10.2771,-9.3444,0;7.6438,-9.3444,0;11.5937,-2.3773,0;16.9516,-2.3773,0;0,-3.2184,0;15.6167,-.0366,0;11.6302,-10.1307,0;11.5937,-.8229,0;18.2865,-3.1453,0;8.9604,-10.1307,0;0,-4.7911,0;
",QEVHRUUCFGRFIF-MDEJGZGSSA-N,C33H40N2O9,608.6879883,COC1C(CC2CN3CCC4=C(NC5=CC(OC)=CC=C45)C3CC2C1C(=O)OC)OC(=O)C1=CC(OC)=C(OC)C(OC)=C1,20170228,COC1C(CC2CN3CCC4=C(NC5=CC(OC)=CC=C45)C3CC2C1C(=O)OC)OC(=O)C1=CC(OC)=C(OC)C(OC)=C1,HL,7.25,0.7,8,MB,H2L/H+HL,NH+ acids,Ring Breaking,pKa(H2L/H+HL; 8) = 7.25+/-0.70,,18.112,0.7,13,MA,HL/H+L,NH acids,pKa(HL/H+L; 13) = 18.11+/-0.70,,,C33H40N2O9,608.6787
51384-51-1,CAS-RN matched <b>null</b>,DTXSID2023309,DTXCID503309,DSSTox_High,Metoprolol,51384-51-1,Single Compound,"mixture of (2R,S) isomers",COCCC1=CC=C(OCC(O)CNC(C)C)C=C1,"InChI=1/C15H25NO3/c1-12(2)16-10-14(17)11-19-15-6-4-13(5-7-15)8-9-18-3/h4-7,12,14,16-17H,8-11H2,1-3H3
AuxInfo=1/0/N:16,17,5,6,19,7,18,2,3,13,10,15,1,11,8,14,12,4,9/E:(1,2)(4,5)(6,7)/rA:19CCCOCCCCOCCOCNCCCCC/rB:s1;s2;s3;s4;d1;s6;d7;s8;s9;s10;s11;s11;s13;s14;s15;s15;s8;s1d18;/rC:4.6175,-2.6639,0;3.0676,-2.6639,0;2.3087,-1.34,0;.7749,-1.34,0;;5.3763,-1.34,0;6.9263,-1.34,0;7.685,-2.6639,0;9.2188,-2.6639,0;9.9938,-4.004,0;11.5276,-4.004,0;12.3026,-5.3278,0;12.3026,-2.6639,0;13.8364,-2.6639,0;14.6114,-1.34,0;13.8364,0,0;16.1452,-1.34,0;6.9263,-4.004,0;5.3763,-4.004,0;
",IUBSYMUCCVWXPE-UHFFFAOYNA-N,C15H25NO3,267.368988,COCCC1=CC=C(OCC(O)CNC(C)C)C=C1,20170228,COCCC1=CC=C(OCC(O)CNC(C)C)C=C1,HL,9.434,0.1,14,MB,H2L/H+HL,NH+ acids,,pKa(H2L/H+HL; 14) = 9.43+/-0.10,,13.891,0.2,12,MA,HL/H+L,OH acids,pKa(HL/H+L; 12) = 13.89+/-0.20,,,C15H25NO3,267.3639
512-56-1,CAS-RN matched <b>null</b>,DTXSID1021403,DTXCID101403,DSSTox_Low,Trimethyl phosphate,512-56-1,Single Compound,,COP(=O)(OC)OC,"InChI=1S/C3H9O4P/c1-5-8(4,6-2)7-3/h1-3H3
AuxInfo=1/0/N:4,6,8,1,3,5,7,2/E:(1,2,3)(5,6,7)/rA:8OPOCOCOC/rB:d1;s2;s3;s2;s5;s2;s7;/rC:3.8523,-2.3123,0;2.3123,-2.3123,0;2.3123,-3.8523,0;3.6487,-4.6245,0;.7723,-2.3123,0;0,-3.6487,0;2.3123,-.7723,0;3.6487,0,0;
",WVLBCYQITXONBZ-UHFFFAOYSA-N,C3H9O4P,140.0749969,COP(=O)(OC)OC,20170228,COP(=O)(OC)OC,,,,,,,,,,The structure does not contain ionization centers calculated by current version of ACD/pKa,,,,,,,,,,C3H9O4P,140.0749
756-79-6,CAS-RN matched <b>null</b>,DTXSID0020494,DTXCID40494,DSSTox_Low,Dimethyl methylphosphonate,756-79-6,Single Compound,,COP(C)(=O)OC,"InChI=1S/C3H9O3P/c1-5-7(3,4)6-2/h1-3H3
AuxInfo=1/0/N:5,7,1,3,4,6,2/E:(1,2)(5,6)/rA:7CPOOCOC/rB:s1;d2;s2;s4;s2;s6;/rC:1.8952,0,0;2.6662,-1.3331,0;3.9992,-.5621,0;3.4371,-2.6662,0;4.9742,-2.6662,0;1.3331,-2.1041,0;0,-1.3331,0;
",VONWDASPFIQPDY-UHFFFAOYSA-N,C3H9O3P,124.0759964,COP(C)(=O)OC,20170228,COP(C)(=O)OC,,,,,,,,,,The structure does not contain ionization centers calculated by current version of ACD/pKa,,,,,,,,,,C3H9O3P,124.0755
239110-15-7,CAS-RN matched <b>null</b>,DTXSID7034624,DTXCID5014624,DSSTox_Low,Fluopicolide,239110-15-7,Single Compound,,FC(F)(F)C1=CN=C(CNC(=O)C2=C(Cl)C=CC=C2Cl)C(Cl)=C1,"InChI=1S/C14H8Cl3F3N2O/c15-8-2-1-3-9(16)12(8)13(23)22-6-11-10(17)4-7(5-21-11)14(18,19)20/h1-5H,6H2,(H,22,23)
AuxInfo=1/1/N:8,6,7,18,15,12,16,4,5,17,14,3,1,19,10,11,23,20,21,22,13,9,2/E:(2,3)(8,9)(15,16)(18,19,20)/rA:23COCCCCCCNClClCNCCCCCCFFFCl/rB:d1;s1;d3;s3;s4;d5;d6s7;s1;s4;s5;s9;;s12d13;s13;d15;s14;s16d17;s16;s19;s19;s19;s17;/rC:4.0169,-1.5529,0;4.0169,0,0;2.6437,-2.31,0;1.309,-1.5529,0;2.6437,-3.8629,0;0,-2.31,0;1.309,-4.6201,0;0,-3.8629,0;5.3388,-2.31,0;1.309,0,0;4.0169,-4.6201,0;6.712,-1.5529,0;8.0467,-3.8629,0;8.0467,-2.31,0;9.3814,-4.6201,0;10.7033,-3.8116,0;9.3814,-1.5016,0;10.7033,-2.2716,0;12.0765,-4.5816,0;12.8336,-5.9163,0;12.8336,-3.2213,0;11.2936,-5.9163,0;9.3814,0,0;
",GBOYJIHYACSLGN-UHFFFAOYSA-N,C14H8Cl3F3N2O,383.5799866,FC(F)(F)C1=CN=C(CNC(=O)C2=C(Cl)C=CC=C2Cl)C(Cl)=C1,20170228,FC(F)(F)C1=CN=C(CNC(=O)C2=C(Cl)C=CC=C2Cl)C(Cl)=C1,HL,-0.39,0.2,7,MB,H2L/H+HL,NH+ acids,,pKa(H2L/H+HL; 7) = -0.39+/-0.20,,11.137,0.46,10,MA,HL/H+L,NH acids,pKa(HL/H+L; 10) = 11.14+/-0.46,,Adjacent Reaction Center ; Strong Hammet Equation,C14H8Cl3F3N2O,383.5803
119-61-9,CAS-RN matched <b>null</b>,DTXSID0021961,DTXCID101961,DSSTox_Low,Benzophenone,119-61-9,Single Compound,,O=C(C1=CC=CC=C1)C1=CC=CC=C1,"InChI=1S/C13H10O/c14-13(11-7-3-1-4-8-11)12-9-5-2-6-10-12/h1-10H
AuxInfo=1/0/N:3,12,2,4,11,13,1,5,10,14,6,9,7,8/E:(1,2)(3,4,5,6)(7,8,9,10)(11,12)/rA:14CCCCCCCOCCCCCC/rB:d1;s2;d3;s4;s1d5;s6;d7;s7;d9;s10;d11;s12;s9d13;/rC:6.6597,-1.535,0;7.9949,-2.3025,0;7.9949,-3.8455,0;6.6597,-4.613,0;5.3326,-3.8455,0;5.3326,-2.3025,0;3.9974,-1.535,0;3.9974,0,0;2.6623,-2.3025,0;2.6623,-3.8455,0;1.3351,-4.613,0;0,-3.8455,0;0,-2.3025,0;1.3351,-1.535,0;
",RWCCWEUUXYIKHB-UHFFFAOYSA-N,C13H10O,182.2220001,O=C(C1=CC=CC=C1)C1=CC=CC=C1,20170228,O=C(C1=CC=CC=C1)C1=CC=CC=C1,,,,,,,,,,The structure does not contain ionization centers calculated by current version of ACD/pKa,,,,,,,,,,C13H10O,182.2179
105-60-2,CAS-RN matched <b>null</b>,DTXSID4020240,DTXCID00240,DSSTox_Low,Caprolactam,105-60-2,Single Compound,,O=C1CCCCCN1,"InChI=1S/C6H11NO/c8-6-4-2-1-3-5-7-6/h1-5H2,(H,7,8)
AuxInfo=1/1/N:5,4,6,3,7,2,8,1/rA:8OCCCCCCN/rB:d1;s2;s3;s4;s5;s6;s2s7;/rC:0,-1.7282,0;1.5367,-1.7282,0;2.2044,-.3387,0;3.7067,0,0;4.9096,-.9574,0;4.9096,-2.499,0;3.7067,-3.4564,0;2.2044,-3.1127,0;
",JBKVHLHDHHXQEQ-UHFFFAOYSA-N,C6H11NO,113.1600037,O=C1CCCCCN1,20170228,O=C1CCCCCN1,HL,-0.14,0.2,8,MB,H2L/H+HL,NH+ acids,Ring Breaking,pKa(H2L/H+HL; 8) = -0.14+/-0.20,,16.608,0.2,8,MA,HL/H+L,NH acids,pKa(HL/H+L; 8) = 16.61+/-0.20,,Ring Breaking,C6H11NO,113.1576
57-41-0,CAS-RN matched <b>null</b>,DTXSID8020541,DTXCID60541,DSSTox_High,"5,5-Diphenylhydantoin",57-41-0,Single Compound,,O=C1NC(=O)C(N1)(C1=CC=CC=C1)C1=CC=CC=C1,"InChI=1S/C15H12N2O2/c18-13-15(17-14(19)16-13,11-7-3-1-4-8-11)12-9-5-2-6-10-12/h1-10H,(H2,16,17,18,19)
AuxInfo=1/1/N:7,13,6,8,12,14,5,9,11,15,4,10,2,17,3,19,16,1,18/E:(1,2)(3,4,5,6)(7,8,9,10)(11,12)/rA:19OCCCCCCCCCCCCCCNCON/rB:d1;s2;s3;d4;s5;d6;s7;s4d8;s3;d10;s11;d12;s13;s10d14;s3;s16;d17;s2s17;/rC:3.7965,-6.7175,0;4.6966,-5.4739,0;4.2219,-4.0011,0;2.8146,-4.6311,0;2.651,-6.1612,0;1.2437,-6.7912,0;0,-5.883,0;.1636,-4.3529,0;1.571,-3.7228,0;3.4529,-2.6674,0;1.9147,-2.6674,0;1.1374,-1.3337,0;1.9147,0,0;3.4529,0,0;4.2219,-1.3337,0;5.4739,-3.101,0;6.7175,-4.0011,0;8.1822,-3.5265,0;6.2429,-5.4739,0;
",CXOFVDLJLONNDW-UHFFFAOYSA-N,C15H12N2O2,252.273,O=C1NC(=O)C(N1)(C1=CC=CC=C1)C1=CC=CC=C1,20170228,O=C1NC(=O)C(N1)(C1=CC=CC=C1)C1=CC=CC=C1,H2L,-2.812,0.4,7,MB,H3L/H+H2L,NH+ acids,Ring Breaking,pKa(H3L/H+H2L; 7) = -2.81+/-0.40,,8.278,0.1,3,MA,H2L/H+HL,NH acids,pKa(H2L/H+HL; 3) = 8.28+/-0.10,,,C15H12N2O2,252.268
791-28-6,CAS-RN matched <b>null</b>,DTXSID2022121,DTXCID402121,DSSTox_Low,Triphenylphosphine oxide,791-28-6,Single Compound,,O=P(C1=CC=CC=C1)(C1=CC=CC=C1)C1=CC=CC=C1,"InChI=1S/C18H15OP/c19-20(16-10-4-1-5-11-16,17-12-6-2-7-13-17)18-14-8-3-9-15-18/h1-15H
AuxInfo=1/0/N:3,12,18,2,4,11,13,17,19,1,5,10,14,16,20,6,9,15,8,7/E:(1,2,3)(4,5,6,7,8,9)(10,11,12,13,14,15)(16,17,18)/rA:20CCCCCCPOCCCCCCCCCCCC/rB:d1;s2;d3;s4;s1d5;s6;d7;s7;d9;s10;d11;s12;s9d13;s7;d15;s16;d17;s18;s15d19;/rC:5.9671,-6.9493,0;5.9671,-8.4966,0;4.6329,-9.2656,0;3.2986,-8.4966,0;3.2986,-6.9493,0;4.6329,-6.1802,0;4.6329,-4.6329,0;6.1802,-4.6329,0;3.0854,-4.6329,0;2.3164,-5.9671,0;.769,-5.9671,0;0,-4.6329,0;.769,-3.2986,0;2.3164,-3.2986,0;4.6329,-3.0854,0;3.2986,-2.3164,0;3.2986,-.769,0;4.6329,0,0;5.9671,-.769,0;5.9671,-2.3164,0;
",FIQMHBFVRAXMOP-UHFFFAOYSA-N,C18H15OP,278.2909851,O=P(C1=CC=CC=C1)(C1=CC=CC=C1)C1=CC=CC=C1,20170228,O=P(C1=CC=CC=C1)(C1=CC=CC=C1)C1=CC=CC=C1,,,,,,,,,,The structure does not contain ionization centers calculated by current version of ACD/pKa,,,,,,,,,,C18H15OP,278.2849
127-63-9,CAS-RN matched <b>null</b>,DTXSID6041892,DTXCID4021892,DSSTox_Low,Diphenylsulfone,127-63-9,Single Compound,,O=S(=O)(C1=CC=CC=C1)C1=CC=CC=C1,"InChI=1S/C12H10O2S/c13-15(14,11-7-3-1-4-8-11)12-9-5-2-6-10-12/h1-10H
AuxInfo=1/0/N:14,15,12,13,10,11,9,7,8,6,5,4,2,3,1/E:(1,2)(3,4,5,6)(7,8,9,10)(11,12)(13,14)/CRV:15.6/rA:15SOOCCCCCCCCCCCC/rB:d1;d1;s1;s1;s4;d5;d4;s5;s8;d6;d9;s7;s12d13;d10s11;/rC:4.6109,-1.5308,0;4.6109,0,0;4.6109,-3.0709,0;6.1509,-1.5308,0;3.0709,-1.5308,0;6.9255,-.2213,0;2.3147,-2.868,0;6.9255,-2.868,0;2.3147,-.2213,0;8.4656,-2.868,0;8.4656,-.2213,0;.7746,-.2213,0;.7746,-2.868,0;0,-1.5308,0;9.2218,-1.5308,0;
",KZTYYGOKRVBIMI-UHFFFAOYSA-N,C12H10O2S,218.2700043,O=S(=O)(C1=CC=CC=C1)C1=CC=CC=C1,20170228,O=S(=O)(C1=CC=CC=C1)C1=CC=CC=C1,,,,,,,,,,The structure does not contain ionization centers calculated by current version of ACD/pKa,,,,,,,,,,C12H10O2S,218.2716
132-64-9,CAS-RN matched <b>null</b>,DTXSID2021993,DTXCID801993,DSSTox_Low,Dibenzofuran,132-64-9,Single Compound,,O1C2=CC=CC=C2C2=C1C=CC=C2,"InChI=1S/C12H8O/c1-3-7-11-9(5-1)10-6-2-4-8-12(10)13-11/h1-8H
AuxInfo=1/0/N:3,8,2,9,4,7,1,10,5,6,13,11,12/E:(1,2)(3,4)(5,6)(7,8)(9,10)(11,12)/rA:13CCCCCCCCCCCOC/rB:d1;s2;d3;s4;s5;d6;s7;d8;s9;s6d10;s11;s1d5s12;/rC:6.16,0,0;7.4039,-.9033,0;7.241,-2.4359,0;5.8343,-3.0652,0;4.5905,-2.1619,0;3.08,-2.4803,0;2.3101,-3.813,0;.7701,-3.813,0;0,-2.4803,0;.7701,-1.1476,0;2.3101,-1.1476,0;3.3391,0,0;4.7533,-.6293,0;
",TXCDCPKCNAJMEE-UHFFFAOYSA-N,C12H8O,168.1950073,O1C2=CC=CC=C2C2=C1C=CC=C2,20170228,O1C2=CC=CC=C2C2=C1C=CC=C2,,,,,,,,,,The structure does not contain ionization centers calculated by current version of ACD/pKa,,,,,,,,,,C12H8O,168.1913
113136-77-9,CAS-RN matched <b>null</b>,DTXSID5032600,DTXCID3012600,DSSTox_Low,Cyclanilide,113136-77-9,Single Compound,,OC(=O)C1(CC1)C(=O)NC1=CC=C(Cl)C=C1Cl,"InChI=1S/C11H9Cl2NO3/c12-6-1-2-8(7(13)5-6)14-9(15)11(3-4-11)10(16)17/h1-2,5H,3-4H2,(H,14,15)(H,16,17)
AuxInfo=1/1/N:14,15,4,5,12,13,11,10,2,6,3,16,17,9,1,7,8/E:(3,4)(16,17)/rA:17OCCCCCOONCCCCCCClCl/rB:d1;s2;s3;s3s4;s3;d6;s6;s2;s9;s10;d11;s12;d13;d10s14;s13;s11;/rC:7.0734,-3.5475,0;7.0951,-2.2064,0;8.3173,-1.3412,0;7.5168,-.0109,0;9.0636,0,0;9.4529,-2.0225,0;9.4745,-3.5151,0;10.8156,-1.3519,0;5.3213,-1.3519,0;4.0235,-2.1198,0;4.0018,-3.6666,0;2.6607,-4.4236,0;1.3412,-3.6449,0;1.3412,-2.0982,0;2.6823,-1.3412,0;0,-4.4236,0;5.343,-4.4452,0;
",GLWWLNJJJCTFMZ-UHFFFAOYSA-N,C11H9Cl2NO3,274.1000061,OC(=O)C1(CC1)C(=O)NC1=CC=C(Cl)C=C1Cl,20170228,OC(=O)C1(CC1)C(=O)NC1=CC=C(Cl)C=C1Cl,H2L,-1.176,0.2,9,MB,H3L/H+H2L,NH+ acids,,pKa(H3L/H+H2L; 9) = -1.18+/-0.20,,3.392,0.2,1,MA,H2L/H+HL,OH acids,pKa(H2L/H+HL; 1) = 3.39+/-0.20,,,C11H9Cl2NO3,274.1001
65-85-0,CAS-RN matched <b>null</b>,DTXSID6020143,DTXCID80143,DSSTox_High,Benzoic acid,65-85-0,Single Compound,,OC(=O)C1=CC=CC=C1,"InChI=1S/C7H6O2/c8-7(9)6-4-2-1-3-5-6/h1-5H,(H,8,9)
AuxInfo=1/1/N:7,6,8,5,9,4,2,1,3/E:(2,3)(4,5)(8,9)/rA:9OCOCCCCCC/rB:s1;d2;s2;d4;s5;d6;s7;s4d8;/rC:0,-2.6654,0;.77,-1.3354,0;;2.31,-1.3354,0;3.0747,0,0;4.6147,0,0;5.3847,-1.3354,0;4.6147,-2.6654,0;3.0747,-2.6654,0;
",WPYMKLBDIGXBTP-UHFFFAOYSA-N,C7H6O2,122.1230011,OC(=O)C1=CC=CC=C1,20170228,OC(=O)C1=CC=CC=C1,HL,,,,,,,,,,4.202,0.1,1,MA,HL/H+L,OH acids,pKa(HL/H+L; 1) = 4.20+/-0.10,,,C7H6O2,122.1213
93-76-5,CAS-RN matched <b>null</b>,DTXSID5021388,DTXCID301388,DSSTox_Low,"2,4,5-Trichlorophenoxyacetic acid",93-76-5,Single Compound,,OC(=O)COC1=C(Cl)C=C(Cl)C(Cl)=C1,"InChI=1S/C8H5Cl3O3/c9-4-1-6(11)7(2-5(4)10)14-3-8(12)13/h1-2H,3H2,(H,12,13)
AuxInfo=1/1/N:7,4,11,6,5,2,3,12,8,9,1,13,14,10/E:(12,13)/rA:14ClCCCCCCClClOCCOO/rB:s1;d2;s3;d4;s5;s2d6;s6;s5;s3;s10;s11;d12;s12;/rC:4.004,-4.6199,0;5.3292,-3.8546,0;5.3292,-2.3146,0;6.6639,-1.54,0;7.9985,-2.3146,0;7.9985,-3.8546,0;6.6639,-4.6199,0;9.3332,-4.6199,0;9.3332,-1.54,0;4.004,-1.54,0;2.6693,-2.3146,0;1.3347,-1.54,0;1.3347,0,0;0,-2.3146,0;
",SMYMJHWAQXWPDB-UHFFFAOYSA-N,C8H5Cl3O3,255.4799957,OC(=O)COC1=C(Cl)C=C(Cl)C(Cl)=C1,20170228,OC(=O)COC1=C(Cl)C=C(Cl)C(Cl)=C1,HL,,,,,,,,,,2.879,0.1,1,MA,HL/H+L,OH acids,pKa(HL/H+L; 1) = 2.88+/-0.10,,,C8H5Cl3O3,255.4825
118-79-6,CAS-RN matched <b>null</b>,DTXSID6021959,DTXCID001959,DSSTox_Low,"2,4,6-Tribromophenol",118-79-6,Single Compound,,OC1=C(Br)C=C(Br)C=C1Br,"InChI=1S/C6H3Br3O/c7-3-1-4(8)6(10)5(9)2-3/h1-2,10H
AuxInfo=1/0/N:5,8,6,3,9,2,7,4,10,1/E:(1,2)(4,5)(8,9)/rA:10OCCBrCCBrCCBr/rB:s1;d2;s3;s3;d5;s6;s6;s2d8;s9;/rC:6.1499,-2.6629,0;4.6124,-2.6629,0;3.8437,-3.9974,0;4.6124,-5.3258,0;2.3062,-3.9974,0;1.5375,-2.6629,0;0,-2.6629,0;2.3062,-1.3283,0;3.8437,-1.3283,0;4.6124,0,0;
",BSWWXRFVMJHFBN-UHFFFAOYSA-N,C6H3Br3O,330.8009949,OC1=C(Br)C=C(Br)C=C1Br,20170228,OC1=C(Br)C=C(Br)C=C1Br,HL,,,,,,,,,,6.336,0.23,1,MA,HL/H+L,OH acids,pKa(HL/H+L; 1) = 6.34+/-0.23,,,C6H3Br3O,330.7994
51-28-5,CAS-RN matched <b>null</b>,DTXSID0020523,DTXCID80523,DSSTox_Low,"2,4-Dinitrophenol",51-28-5,Single Compound,,OC1=C(C=C(C=C1)[N+]([O-])=O)[N+]([O-])=O,"InChI=1S/C6H4N2O5/c9-6-2-1-4(7(10)11)3-5(6)8(12)13/h1-3,9H
AuxInfo=1/0/N:6,7,4,5,3,2,8,11,1,9,10,12,13/E:(10,11)(12,13)/CRV:7.5,8.5/rA:13OCCCCCCN+OO-N+OO-/rB:s1;d2;s3;d4;s5;s2d6;s5;d8;s8;s3;d11;s11;/rC:6.6597,0,0;5.3326,-.7675,0;5.3326,-2.3025,0;3.9975,-3.078,0;2.6622,-2.3025,0;2.6622,-.7675,0;3.9975,0,0;1.3351,-3.078,0;1.3351,-4.6131,0;0,-2.3025,0;6.6597,-3.078,0;6.6597,-4.6131,0;7.9948,-2.3025,0;
",UFBJCMHMOXMLKC-UHFFFAOYSA-N,C6H4N2O5,184.1069946,OC1=C(C=C(C=C1)[N+]([O-])=O)[N+]([O-])=O,20170228,OC1=C(C=C(C=C1)[N+]([O-])=O)[N+]([O-])=O,HL,,,,,,,,,,4.042,0.22,1,MA,HL/H+L,OH acids,pKa(HL/H+L; 1) = 4.04+/-0.22,,,C6H4N2O5,184.1064
2467-02-9,CAS-RN matched <b>null</b>,DTXSID4022446,DTXCID602446,DSSTox_High,"2,2'-Bisphenol F",2467-02-9,Single Compound,,OC1=C(CC2=C(O)C=CC=C2)C=CC=C1,"InChI=1S/C13H12O2/c14-12-7-3-1-5-10(12)9-11-6-2-4-8-13(11)15/h1-8,14-15H,9H2
AuxInfo=1/0/N:7,11,6,12,8,10,5,13,1,2,9,3,14,4,15/E:(1,2)(3,4)(5,6)(7,8)(10,11)(12,13)(14,15)/rA:15CCCOCCCCCCCCCCO/rB:s1;d2;s3;s3;d5;s6;s2d7;s1;s9;d10;s11;d12;d9s13;s14;/rC:-.0001,.77,0;1.3336,0,0;2.6673,.77,0;2.6673,2.31,0;4.0011,0,0;4.0011,-1.54,0;2.6673,-2.31,0;1.3336,-1.54,0;-1.3337,0,0;-1.3337,-1.54,0;-2.6674,-2.31,0;-4.0011,-1.54,0;-4.0011,0,0;-2.6674,.77,0;-2.6674,2.31,0;
",MQCPOLNSJCWPGT-UHFFFAOYSA-N,C13H12O2,200.237,OC1=C(CC2=C(O)C=CC=C2)C=CC=C1,20170228,OC1=C(CC2=C(O)C=CC=C2)C=CC=C1,H2L,,,,,,,,,,9.81,0.3,7,MA,H2L/H+HL,OH acids,pKa(H2L/H+HL; 7) = 9.81+/-0.30,,,C13H12O2,200.2332
87-86-5,CAS-RN matched <b>null</b>,DTXSID7021106,DTXCID701106,DSSTox_Low,Pentachlorophenol,87-86-5,Single Compound,,OC1=C(Cl)C(Cl)=C(Cl)C(Cl)=C1Cl,"InChI=1S/C6HCl5O/c7-1-2(8)4(10)6(12)5(11)3(1)9/h12H
AuxInfo=1/0/N:5,4,6,3,7,2,10,11,9,12,8,1/E:(2,3)(4,5)(8,9)(10,11)/rA:12OCCCCCCClClClClCl/rB:s1;d2;s3;d4;s5;s2d6;s7;s6;s5;s4;s3;/rC:0,-2.6627,0;1.5373,-2.6627,0;2.306,-1.3282,0;3.8433,-1.3282,0;4.612,-2.6627,0;3.8433,-3.9971,0;2.306,-3.9971,0;1.5373,-5.3253,0;4.612,-5.3253,0;6.1494,-2.6627,0;4.612,0,0;1.5373,0,0;
",IZUPBVBPLAPZRR-UHFFFAOYSA-N,C6HCl5O,266.3200073,OC1=C(Cl)C(Cl)=C(Cl)C(Cl)=C1Cl,20170228,OC1=C(Cl)C(Cl)=C(Cl)C(Cl)=C1Cl,HL,,,,,,,,,,4.679,0.33,1,MA,HL/H+L,OH acids,pKa(HL/H+L; 1) = 4.68+/-0.33,,,C6HCl5O,266.3365
58-90-2,CAS-RN matched <b>null</b>,DTXSID9021716,DTXCID201716,DSSTox_Low,"2,3,4,6-Tetrachlorophenol",58-90-2,Single Compound,,OC1=C(Cl)C(Cl)=C(Cl)C=C1Cl,"InChI=1S/C6H2Cl4O/c7-2-1-3(8)6(11)5(10)4(2)9/h1,11H
AuxInfo=1/0/N:9,7,10,5,3,2,8,11,6,4,1/rA:11OCCClCClCClCCCl/rB:s1;d2;s3;s3;s5;d5;s7;s7;s2d9;s10;/rC:1.5427,-5.3377,0;2.3113,-4.0032,0;1.5427,-2.6689,0;0,-2.6689,0;2.3113,-1.3344,0;1.5427,0,0;3.8538,-1.3344,0;4.6225,0,0;4.6225,-2.6689,0;3.8538,-4.0032,0;4.6225,-5.3377,0;
",VGVRPFIJEJYOFN-UHFFFAOYSA-N,C6H2Cl4O,231.8800049,OC1=C(Cl)C(Cl)=C(Cl)C=C1Cl,20170228,OC1=C(Cl)C(Cl)=C(Cl)C=C1Cl,HL,,,,,,,,,,5.635,0.28,1,MA,HL/H+L,OH acids,pKa(HL/H+L; 1) = 5.64+/-0.28,,,C6H2Cl4O,231.8915
95-95-4,CAS-RN matched <b>null</b>,DTXSID4024359,DTXCID104359,DSSTox_High,"2,4,5-Trichlorophenol",95-95-4,Single Compound,,OC1=C(Cl)C=C(Cl)C(Cl)=C1,"InChI=1S/C6H3Cl3O/c7-3-1-5(9)6(10)2-4(3)8/h1-2,10H
AuxInfo=1/0/N:7,4,6,5,2,3,8,9,1,10/rA:10ClCCCCCCClClO/rB:s1;d2;s3;d4;s5;s2d6;s6;s5;s3;/rC:0,-3.0802,0;1.327,-2.3128,0;1.327,-.7728,0;2.6592,0,0;3.9968,-.7728,0;3.9968,-2.3128,0;2.6592,-3.0802,0;5.3291,-3.0802,0;5.3291,0,0;;
",LHJGJYXLEPZJPM-UHFFFAOYSA-N,C6H3Cl3O,197.4400024,OC1=C(Cl)C=C(Cl)C(Cl)=C1,20170228,OC1=C(Cl)C=C(Cl)C(Cl)=C1,HL,,,,,,,,,,7.101,0.23,1,MA,HL/H+L,OH acids,pKa(HL/H+L; 1) = 7.10+/-0.23,,,C6H3Cl3O,197.4464
88-06-2,CAS-RN matched <b>null</b>,DTXSID5021386,DTXCID501386,DSSTox_High,"2,4,6-Trichlorophenol",88-06-2,Single Compound,,OC1=C(Cl)C=C(Cl)C=C1Cl,"InChI=1S/C6H3Cl3O/c7-3-1-4(8)6(10)5(9)2-3/h1-2,10H
AuxInfo=1/0/N:4,6,5,3,7,2,9,10,8,1/E:(1,2)(4,5)(8,9)/rA:10OCCCCCCClClCl/rB:s1;d2;s3;d4;s5;s2d6;s7;s5;s3;/rC:6.1499,-2.6629,0;4.6124,-2.6629,0;3.8437,-3.9974,0;2.3062,-3.9974,0;1.5375,-2.6629,0;2.3062,-1.3283,0;3.8437,-1.3283,0;4.6124,0,0;0,-2.6629,0;4.6124,-5.3258,0;
",LINPIYWFGCPVIE-UHFFFAOYSA-N,C6H3Cl3O,197.4400024,OC1=C(Cl)C=C(Cl)C=C1Cl,20170228,OC1=C(Cl)C=C(Cl)C=C1Cl,HL,,,,,,,,,,6.589,0.23,1,MA,HL/H+L,OH acids,pKa(HL/H+L; 1) = 6.59+/-0.23,,,C6H3Cl3O,197.4464
131-56-6,CAS-RN matched <b>null</b>,DTXSID8022406,DTXCID402406,DSSTox_Low,"2,4-Dihydroxybenzophenone",131-56-6,Single Compound,,OC1=CC=C(C(=O)C2=CC=CC=C2)C(O)=C1,"InChI=1S/C13H10O3/c14-10-6-7-11(12(15)8-10)13(16)9-4-2-1-3-5-9/h1-8,14-15H
AuxInfo=1/0/N:7,6,8,5,9,13,14,11,4,12,1,10,2,15,16,3/E:(2,3)(4,5)/rA:16CCOCCCCCCCCCCCOO/rB:s1;d2;s2;s4;d5;s6;d7;d4s8;s1;d10;s11;d12;d1s13;s12;s10;/rC:4.0041,-2.3147,0;5.3296,-3.0801,0;5.3296,-4.6201,0;6.6643,-2.3147,0;6.6643,-.7747,0;7.999,0,0;9.3337,-.7747,0;9.3337,-2.3147,0;7.999,-3.0801,0;2.6694,-3.0801,0;1.3347,-2.3147,0;1.3347,-.7747,0;2.6694,0,0;4.0041,-.7747,0;;2.6694,-4.6201,0;
",ZXDDPOHVAMWLBH-UHFFFAOYSA-N,C13H10O3,214.2200012,OC1=CC=C(C(=O)C2=CC=CC=C2)C(O)=C1,20170228,OC1=CC=C(C(=O)C2=CC=CC=C2)C(O)=C1,H2L,,,,,,,,,,7.722,0.35,15,MA,H2L/H+HL,OH acids,pKa(H2L/H+HL; 15) = 7.72+/-0.35,,,C13H10O3,214.2167
94-18-8,CAS-RN matched <b>null</b>,DTXSID9022526,DTXCID202526,DSSTox_Low,Benzylparaben,94-18-8,Single Compound,,OC1=CC=C(C=C1)C(=O)OCC1=CC=CC=C1,"InChI=1S/C14H12O3/c15-13-8-6-12(7-9-13)14(16)17-10-11-4-2-1-3-5-11/h1-9,15H,10H2
AuxInfo=1/0/N:7,6,8,5,9,11,16,12,15,3,4,10,13,1,14,17,2/E:(2,3)(4,5)(6,7)(8,9)/rA:17COCCCCCCCCCCCOCCO/rB:s1;s2;s3;d4;s5;d6;s7;s4d8;s1;s10;d11;s12;s13;d13;d10s15;d1;/rC:5.3365,-3.0889,0;6.6826,-2.3197,0;8.0168,-3.0889,0;9.3509,-2.3197,0;9.3509,-.7692,0;10.685,0,0;12.0192,-.7692,0;12.0192,-2.3197,0;10.685,-3.0889,0;4.0024,-2.3197,0;2.6683,-3.0889,0;1.3341,-2.3197,0;1.3341,-.7692,0;;2.6683,0,0;4.0024,-.7692,0;5.3365,-4.6274,0;
",MOZDKDIOPSPTBH-UHFFFAOYSA-N,C14H12O3,228.246994,OC1=CC=C(C=C1)C(=O)OCC1=CC=CC=C1,20170228,OC1=CC=C(C=C1)C(=O)OCC1=CC=CC=C1,HL,,,,,,,,,,8.178,0.15,1,MA,HL/H+L,OH acids,pKa(HL/H+L; 1) = 8.18+/-0.15,,,C14H12O3,228.2433
77-09-8,CAS-RN matched <b>null</b>,DTXSID0021125,DTXCID901125,DSSTox_Low,Phenolphthalein,77-09-8,Single Compound,,OC1=CC=C(C=C1)C1(OC(=O)C2=C1C=CC=C2)C1=CC=C(O)C=C1,"InChI=1S/C20H14O4/c21-15-9-5-13(6-10-15)20(14-7-11-16(22)12-8-14)18-4-2-1-3-17(18)19(23)24-20/h1-12,21-22H
AuxInfo=1/0/N:8,9,7,10,12,16,19,23,13,15,20,22,11,18,14,21,6,5,2,4,17,24,1,3/E:(5,6,7,8)(9,10,11,12)(13,14)(15,16)(21,22)/rA:24OCOCCCCCCCCCCCCCOCCCCCCO/rB:d1;s2;s3;s4;s2d5;s6;d7;s8;s5d9;s4;d11;s12;d13;s14;s11d15;s14;s4;d18;s19;d20;s21;s18d22;s21;/rC:.6217,-7.3783,0;1.6549,-6.2263,0;3.1818,-6.3909,0;3.8126,-4.9829,0;2.6697,-3.9589,0;1.3348,-4.7269,0;0,-3.9589,0;0,-2.4137,0;1.3348,-1.6457,0;2.6697,-2.4137,0;4.7177,-3.7394,0;4.0869,-2.3314,0;4.992,-1.088,0;6.5281,-1.2526,0;7.1497,-2.6515,0;6.2446,-3.9041,0;7.4332,0,0;5.1475,-5.7509,0;6.4732,-4.9829,0;7.808,-5.7509,0;7.808,-7.2961,0;6.4732,-8.064,0;5.1475,-7.2961,0;9.1429,-8.064,0;
",KJFMBFZCATUALV-UHFFFAOYSA-N,C20H14O4,318.3280029,OC1=CC=C(C=C1)C1(OC(=O)C2=C1C=CC=C2)C1=CC=C(O)C=C1,20170228,OC1=CC=C(C=C1)C1(OC(=O)C2=C1C=CC=C2)C1=CC=C(O)C=C1,H2L,,,,,,,,,,9.227,0.3,22,MA,H2L/H+HL,OH acids,pKa(H2L/H+HL; 22) = 9.23+/-0.30,,,C20H14O4,318.3228
520-18-3,CAS-RN matched <b>null</b>,DTXSID7020768,DTXCID30768,DSSTox_High,Kaempferol,520-18-3,Single Compound,,OC1=CC=C(C=C1)C1=C(O)C(=O)C2=C(O1)C=C(O)C=C2O,"InChI=1S/C15H10O6/c16-8-3-1-7(2-4-8)15-14(20)13(19)12-10(18)5-9(17)6-11(12)21-15/h1-6,16-18,20H
AuxInfo=1/0/N:16,20,17,19,7,5,15,18,6,8,4,3,2,13,12,21,10,9,1,14,11/E:(1,2)(3,4)/rA:21OCCCCCCCOOOCCOCCCCCCO/rB:d1;s2;d3;s4;d5;s6;s3d7;s8;s6;s4;s11;s2d12;s13;s12;d15;s16;d17;s18;s15d19;s18;/rC:5.3366,0,0;5.3366,-1.5385,0;4.0024,-2.3077,0;4.0024,-3.8462,0;2.6683,-4.6275,0;1.3341,-3.8462,0;1.3341,-2.3077,0;2.6683,-1.5385,0;2.6683,0,0;0,-4.6275,0;5.3366,-4.6275,0;6.6828,-3.8462,0;6.6828,-2.3077,0;8.0169,-1.5385,0;8.0169,-4.6275,0;9.3511,-3.8462,0;10.6852,-4.6275,0;10.6852,-6.166,0;9.3511,-6.9352,0;8.0169,-6.166,0;12.0194,-6.9352,0;
",IYRMWMYZSQPJKC-UHFFFAOYSA-N,C15H10O6,286.2390137,OC1=CC=C(C=C1)C1=C(O)C(=O)C2=C(O1)C=C(O)C=C2O,20170228,OC1=CC=C(C=C1)C1=C(O)C(=O)C2=C(O1)C=C(O)C=C2O,H4L,,,,,,,,,,6.341,0.4,21,MA,H4L/H+H3L,OH acids,pKa(H4L/H+H3L; 21) = 6.34+/-0.40,,,C15H10O6,286.2363
520-36-5,CAS-RN matched <b>null</b>,DTXSID6022391,DTXCID902391,DSSTox_Low,Apigenin,520-36-5,Single Compound,,OC1=CC=C(C=C1)C1=CC(=O)C2=C(O1)C=C(O)C=C2O,"InChI=1S/C15H10O5/c16-9-3-1-8(2-4-9)13-7-12(19)15-11(18)5-10(17)6-14(15)20-13/h1-7,16-18H
AuxInfo=1/0/N:14,18,15,17,9,7,3,13,16,8,10,2,4,6,1,19,12,11,20,5/E:(1,2)(3,4)/rA:20CCCCOCCCCCOOCCCCCCOO/rB:s1;s2;d3;s4;d1s5;s6;d7;s8;s1d9;s10;s8;s4;s13;d14;s15;d16;d13s17;s16;d2;/rC:4.0025,-2.3077,0;5.3366,-1.5385,0;6.6828,-2.3077,0;6.6828,-3.8462,0;5.3366,-4.6274,0;4.0025,-3.8462,0;2.6682,-4.6274,0;1.3341,-3.8462,0;1.3341,-2.3077,0;2.6682,-1.5385,0;2.6682,0,0;0,-4.6274,0;8.0169,-4.6274,0;9.351,-3.8462,0;10.6851,-4.6274,0;10.6851,-6.1659,0;9.351,-6.9351,0;8.0169,-6.1659,0;12.0193,-6.9351,0;5.3366,0,0;
",KZNIFHPLKGYRTM-UHFFFAOYSA-N,C15H10O5,270.2399902,OC1=CC=C(C=C1)C1=CC(=O)C2=C(O1)C=C(O)C=C2O,20170228,OC1=CC=C(C=C1)C1=CC(=O)C2=C(O1)C=C(O)C=C2O,H3L,,,,,,,,,,6.525,0.4,20,MA,H3L/H+H2L,OH acids,pKa(H3L/H+H2L; 20) = 6.53+/-0.40,,,C15H10O5,270.2369
446-72-0,CAS-RN matched <b>null</b>,DTXSID5022308,DTXCID002308,DSSTox_Low,Genistein,446-72-0,Single Compound,,OC1=CC=C(C=C1)C1=COC2=C(C(O)=CC(O)=C2)C1=O,"InChI=1S/C15H10O5/c16-9-3-1-8(2-4-9)11-7-20-13-6-10(17)5-12(18)14(13)15(11)19/h1-7,16-18H
AuxInfo=1/0/N:14,18,15,17,6,4,11,13,16,5,12,7,3,2,1,19,9,8,20,10/E:(1,2)(3,4)/rA:20CCCCCCCOOOCCCCCCCCOO/rB:s1;d2;s3;d4;s5;s2d6;s7;s5;s3;s10;s1d11;s12;s13;d14;s15;d16;d13s17;s16;d1;/rC:6.1553,-2.666,0;4.6132,-2.666,0;3.8421,-3.999,0;2.3,-3.999,0;1.5421,-2.666,0;2.3,-1.333,0;3.8421,-1.333,0;4.6132,0,0;0,-2.666,0;4.6132,-5.3319,0;6.1553,-5.3319,0;6.9132,-3.999,0;8.4553,-3.999,0;9.2265,-2.666,0;10.7686,-2.666,0;11.5265,-3.999,0;10.7686,-5.3319,0;9.2265,-5.3319,0;13.0686,-3.999,0;6.9132,-1.333,0;
",TZBJGXHYKVUXJN-UHFFFAOYSA-N,C15H10O5,270.2399902,OC1=CC=C(C=C1)C1=COC2=C(C(O)=CC(O)=C2)C1=O,20170228,OC1=CC=C(C=C1)C1=COC2=C(C(O)=CC(O)=C2)C1=O,H3L,,,,,,,,,,6.514,0.2,14,MA,H3L/H+H2L,OH acids,pKa(H3L/H+H2L; 14) = 6.51+/-0.20,,,C15H10O5,270.2369
486-66-8,CAS-RN matched <b>null</b>,DTXSID9022310,DTXCID102310,DSSTox_Low,Daidzein,486-66-8,Single Compound,,OC1=CC=C(C=C1)C1=COC2=C(C=CC(O)=C2)C1=O,"InChI=1S/C15H10O4/c16-10-3-1-9(2-4-10)13-8-19-14-7-11(17)5-6-12(14)15(13)18/h1-8,16-17H
AuxInfo=1/0/N:14,18,15,17,5,4,7,10,13,16,6,3,1,8,2,19,11,12,9/E:(1,2)(3,4)/rA:19CCCCCCCCOCOOCCCCCCO/rB:s1;s2;s3;d4;s5;d6;d3s7;s8;d1s9;s6;d2;s1;d13;s14;d15;s16;s13d17;s16;/rC:6.1556,-2.6661,0;6.9135,-1.333,0;8.4557,-1.333,0;9.2268,0,0;10.7689,0,0;11.5269,-1.333,0;10.7689,-2.6661,0;9.2268,-2.6661,0;8.4557,-3.9991,0;6.9135,-3.9991,0;13.069,-1.333,0;6.1556,0,0;4.6133,-2.6661,0;3.8423,-3.9991,0;2.3001,-3.9991,0;1.5421,-2.6661,0;2.3001,-1.333,0;3.8423,-1.333,0;0,-2.6661,0;
",ZQSIJRDFPHDXIC-UHFFFAOYSA-N,C15H10O4,254.2409973,OC1=CC=C(C=C1)C1=COC2=C(C=CC(O)=C2)C1=O,20170228,OC1=CC=C(C=C1)C1=COC2=C(C=CC(O)=C2)C1=O,H2L,,,,,,,,,,7.009,0.2,16,MA,H2L/H+HL,OH acids,pKa(H2L/H+HL; 16) = 7.01+/-0.20,,,C15H10O4,254.2375
80-09-1,CAS-RN matched <b>null</b>,DTXSID3022409,DTXCID602409,DSSTox_Low,"4,4'-Sulfonyldiphenol",80-09-1,Single Compound,,OC1=CC=C(C=C1)S(=O)(=O)C1=CC=C(O)C=C1,"InChI=1S/C12H10O4S/c13-9-1-5-11(6-2-9)17(15,16)12-7-3-10(14)4-8-12/h1-8,13-14H
AuxInfo=1/0/N:4,6,11,13,3,7,10,14,5,12,2,9,8,15,16,17,1/E:(1,2,3,4)(5,6,7,8)(9,10)(11,12)(13,14)(15,16)/CRV:17.6/rA:17SCCCCCCOCCCCCCOOO/rB:s1;s2;d3;s4;d5;d2s6;s5;s1;d9;s10;d11;s12;s9d13;s12;d1;d1;/rC:6.1602,-1.54,0;4.6201,-1.54,0;3.844,-.2094,0;2.3039,-.2094,0;1.54,-1.54,0;2.3039,-2.8706,0;3.844,-2.8706,0;0,-1.54,0;7.7002,-1.54,0;8.4641,-.2094,0;10.0165,-.2094,0;10.7803,-1.54,0;10.0165,-2.8706,0;8.4641,-2.8706,0;12.3203,-1.54,0;6.1602,-3.0801,0;6.1602,0,0;
",VPWNQTHUCYMVMZ-UHFFFAOYSA-N,C12H10O4S,250.2700043,OC1=CC=C(C=C1)S(=O)(=O)C1=CC=C(O)C=C1,20170228,OC1=CC=C(C=C1)S(=O)(=O)C1=CC=C(O)C=C1,H2L,,,,,,,,,,7.643,0.15,1,MA,HL/H+L,OH acids,pKa(HL/H+L; 1) = 7.64+/-0.15,,,C12H10O4S,250.2704
135-19-3,CAS-RN matched <b>null</b>,DTXSID5027061,DTXCID907061,DSSTox_High,2-Naphthalenol,135-19-3,Single Compound,,OC1=CC2=C(C=CC=C2)C=C1,"InChI=1S/C10H8O/c11-10-6-5-8-3-1-2-4-9(8)7-10/h1-7,11H
AuxInfo=1/0/N:9,10,4,3,5,8,6,2,1,7,11/rA:11CCCCCCCCCCO/rB:d1;s1;s2;s2;s1;d6;d5s7;d4;d3s9;s7;/rC:2.6759,-.7626,0;2.6759,-2.3213,0;1.3379,0,0;1.3379,-3.0839,0;4.0137,-3.0839,0;4.0137,0,0;5.3516,-.7626,0;5.3516,-2.3213,0;0,-2.3213,0;0,-.7626,0;6.6896,0,0;
",JWAZRIHNYRIHIV-UHFFFAOYSA-N,C10H8O,144.173,OC1=CC2=C(C=CC=C2)C=C1,20170228,OC1=CC2=C(C=CC=C2)C=C1,HL,,,,,,,,,,9.57,0.1,1,MA,HL/H+L,OH acids,pKa(HL/H+L; 1) = 9.57+/-0.10,,,C10H8O,144.1699
1319-77-3,CAS-RN matched <b>null</b>,DTXSID3024364,,DSSTox_High,Cresol,1319-77-3,Mixture/Formulation,"Ill-defined structure;
undefined mixture of isomers",,,,,,,20170615,,,,,,,,,,,,,,,,,,,,,,
