,DTXSID,CASRN,preferred_name,scenario,dmso.insol,reactive,unstable,volatile,sigma,wrtmsd,massbankeu,massbankref,mzcloud,nist,lc.sum,toxval_count,tox21,toxcast,ncct_ref_chem,HTTR_2200,apcra.pro,apcra.ret,hc.priority,echa.priority,project.union,MEA.acute,U2OS_HTPP_Pilot,HTTR_PhI,toxval,cerapp,compara,ER.model,AR.model,stemina,bioseek,ASTAR.HIPPTox,seem3,caco2,HC.httk.IC.cell.complete,HC.httk.IC.micro.complete,HC.httk.fail,HC.httk.IC.cell.in_que,jrc.httk.options,jrc.httk.fail,jrc.httk.pick,httk.cyprotex,httk.wetmore,httk.epa,httk.hc,httk.jrc.test,Total.httk
86,DTXSID6020226,10108-64-2,Cadmium chloride,Scenario 1c,0,0,0,0,1,0,0,0,0,0,0,5629,1,1,0,1,1,0,NA,NA,1,0,0,1,1,0,0,0,0,0,0,0,0,0,0,0,0,0,0,0,NA,NA,NA,NA,NA,NA,0
88,DTXSID7027837,24800-44-0,Tripropylene glycol,Scenario 1c,0,0,0,0,0,0,0,0,0,0,0,32,1,1,0,0,1,0,NA,NA,1,0,0,0,1,1,0,1,1,0,0,0,0,0,0,0,0,0,0,0,NA,NA,NA,NA,NA,NA,0
200,DTXSID10895020,101193-62-8,Quinotolast sodium,Scenario 1b,0,0,0,0,0,0,0,0,0,0,0,NA,0,0,0,0,1,0,NA,NA,1,0,0,0,NA,0,0,0,0,0,0,0,0,0,0,0,0,0,0,0,NA,NA,NA,NA,NA,NA,0
1,DTXSID0020284,61702-44-1,"2-Chloro-1,4-diaminobenzene sulfate",HealthCanada,0,0,0,0,1,0,0,0,0,0,0,7,1,1,0,0,1,0,NA,NA,1,0,0,0,1,1,1,0,0,0,0,0,1,0,0,0,0,1,0,0,NA,NA,NA,NA,1,NA,1
4,DTXSID1036541,145-13-1,Pregnenolone,HealthCanada,0,0,0,0,1,0,0,0,1,0,1,NA,1,1,0,1,1,0,NA,NA,1,0,0,1,NA,1,1,0,0,0,0,0,1,0,0,0,0,1,0,0,NA,NA,NA,NA,1,NA,1
5,DTXSID1040245,56038-13-2,Sucralose,HealthCanada,0,0,0,0,1,0,0,1,0,0,1,112,1,1,0,0,1,0,NA,NA,1,0,0,0,1,1,1,0,0,0,0,0,1,0,0,0,0,1,0,0,NA,NA,NA,NA,1,NA,1
6,DTXSID3022403,131-53-3,"2,2'-Dihydroxy-4-methoxybenzophenone",HealthCanada,0,0,0,0,1,0,0,1,0,1,1,4,1,1,0,1,1,0,NA,NA,1,0,0,1,1,1,1,0,0,0,0,0,1,0,0,0,0,1,0,0,NA,NA,NA,NA,1,NA,1
7,DTXSID5037731,3236-71-3,"4,4'-(9H-Fluorene-9,9-diyl)diphenol",HealthCanada,0,0,0,0,1,0,0,0,0,0,0,NA,1,1,0,0,1,0,NA,NA,1,0,0,0,NA,1,1,0,0,0,0,0,1,0,0,0,0,0,0,0,NA,1,NA,1,NA,NA,1
9,DTXSID6024838,6358-53-8,C.I. Solvent Red 80,HealthCanada,0,0,0,0,0,0,0,0,0,1,0,4,1,1,0,0,1,0,NA,NA,1,0,0,0,1,1,1,0,0,0,1,0,1,0,0,0,0,1,0,0,NA,NA,NA,NA,1,NA,1
10,DTXSID6042521,148-01-6,Zoalene,HealthCanada,0,0,0,0,1,0,0,0,0,1,0,34,1,1,0,0,1,0,NA,NA,1,0,0,0,1,1,1,0,0,0,0,0,1,0,0,0,0,1,0,0,NA,NA,NA,NA,1,NA,1
11,DTXSID7023300,83-43-2,Methylprednisolone,HealthCanada,0,0,0,0,1,0,0,1,1,1,2,8,1,1,1,1,1,0,NA,NA,1,0,0,1,1,1,1,0,0,0,0,0,1,0,0,0,0,0,0,0,NA,1,NA,1,NA,NA,1
12,DTXSID7023938,85-70-1,Butylphthalyl butylglycolate,HealthCanada,0,0,0,0,0,0,0,0,1,1,1,49,1,1,0,1,1,0,NA,NA,1,0,0,1,1,1,1,0,0,0,0,0,1,0,0,0,0,1,0,0,NA,NA,NA,NA,1,NA,1
13,DTXSID7040734,118-60-5,2-Ethylhexyl salicylate,HealthCanada,1,0,0,0,0,0,0,0,0,1,0,11,1,1,0,1,1,0,1,0,1,0,0,1,1,1,1,0,0,0,1,0,1,0,0,0,0,1,0,0,NA,NA,NA,NA,1,NA,1
14,DTXSID8037750,65405-77-8,(3Z)-Hex-3-en-1-yl salicylate,HealthCanada,0,0,0,0,1,0,0,0,0,1,0,29,1,1,0,1,1,0,NA,NA,1,0,0,1,1,1,1,0,0,0,1,0,1,0,0,0,0,1,0,0,NA,NA,NA,NA,1,NA,1
16,DTXSID9021342,97-18-7,Bithionol,HealthCanada,0,0,0,0,1,0,0,0,0,1,0,14,1,1,0,1,1,0,NA,NA,1,0,0,1,1,1,1,0,0,0,0,0,1,0,0,0,0,1,0,0,NA,NA,NA,NA,1,NA,1
18,DTXSID3024368,112-50-5,2-[2-(2-Ethoxyethoxy)ethoxy]ethanol,Scenario 1a,0,0,0,0,1,0,0,0,1,0,1,12,1,1,0,1,1,1,1,0,1,1,0,1,1,1,1,1,1,1,1,0,1,1,0,0,0,0,0,0,NA,1,1,1,NA,NA,1
19,DTXSID3026697,103-24-2,Bis(2-ethylhexyl) nonanedioate,Scenario 1a,0,0,0,0,1,0,0,0,0,1,0,11,1,1,0,1,1,1,NA,NA,1,1,0,1,1,1,1,1,1,1,1,1,1,0,0,0,0,0,0,0,NA,1,NA,1,NA,NA,1
20,DTXSID4034287,104-67-6,5-Heptyldihydro-2(3H)-furanone,Scenario 1a,0,0,0,0,1,0,0,0,0,1,0,22,1,1,0,1,1,0,1,0,1,1,0,1,1,1,1,1,1,1,1,0,1,0,0,0,0,0,0,0,NA,1,1,1,NA,NA,1
21,DTXSID5026889,111-82-0,Methyl dodecanoate,Scenario 1a,0,0,0,0,1,0,0,0,0,0,0,29,1,1,0,1,1,1,0,0,1,1,0,1,1,1,1,1,1,1,1,0,1,0,0,0,0,0,0,0,NA,1,1,1,NA,NA,1
22,DTXSID6025567,134-20-3,Methyl 2-aminobenzoate,Scenario 1a,0,0,0,0,1,0,0,0,1,1,1,83,1,1,0,1,1,0,1,0,1,1,0,1,1,1,1,1,1,1,1,0,1,1,0,0,0,0,0,0,NA,1,1,1,NA,NA,1
23,DTXSID7020348,91-64-5,Coumarin,Scenario 1a,0,0,0,0,1,0,0,1,1,1,2,199,1,1,1,1,1,1,1,0,1,1,1,1,1,1,1,1,1,1,1,0,1,0,0,0,0,0,0,0,NA,1,1,1,NA,NA,1
24,DTXSID7027047,127-51-5,alpha-Isomethylionone,Scenario 1a,0,0,0,0,0,0,0,0,0,1,0,15,1,1,0,1,1,1,1,0,1,1,0,1,1,1,1,1,1,1,1,0,1,0,0,0,0,0,0,0,NA,1,1,1,NA,NA,1
25,DTXSID8020628,2164-17-2,Fluometuron,Scenario 1a,0,0,0,0,1,0,0,1,1,0,2,403,1,1,0,1,1,1,0,0,1,1,0,1,1,1,1,1,1,1,1,0,1,1,0,0,0,0,0,0,NA,1,1,1,NA,NA,1
26,DTXSID9020617,97-53-0,Eugenol,Scenario 1a,0,0,0,0,0,0,0,0,1,1,1,225,1,1,0,1,1,1,0,0,1,1,0,1,1,1,1,1,1,1,1,0,1,0,0,0,0,0,0,0,NA,1,1,1,NA,NA,1
27,DTXSID9027522,3147-75-9,Octrizole,Scenario 1a,0,0,0,0,1,0,0,0,1,1,1,7,1,1,0,1,1,1,0,0,1,1,0,1,1,1,1,1,1,1,1,0,1,1,0,0,0,0,0,0,NA,1,1,1,NA,NA,1
28,DTXSID0021333,97-74-5,Tetramethylthiuram monosulfide,Scenario 1b,0,0,0,0,1,0,0,0,0,1,0,40,1,1,0,0,1,0,NA,NA,1,0,0,0,1,1,1,0,0,0,1,0,1,0,0,0,0,0,1,0,1,NA,NA,NA,NA,1,1
30,DTXSID0041270,58430-94-7,"3,5,5-Trimethylhexyl acetate",Scenario 1b,0,0,0,0,1,0,0,0,0,0,0,22,1,1,0,0,1,0,NA,NA,1,0,0,0,1,1,1,1,1,0,0,0,1,0,0,0,0,0,1,0,1,NA,NA,NA,NA,1,1
32,DTXSID0044608,17865-07-5,Propylsilanetriyl triacetate,Scenario 1b,0,0,0,0,1,0,0,0,0,0,0,NA,0,1,0,0,1,0,NA,NA,1,0,0,0,NA,1,1,0,0,0,0,0,1,0,0,0,0,0,1,0,1,NA,NA,NA,NA,1,1
35,DTXSID0047113,6790-58-5,(-)-Ambroxide,Scenario 1b,0,0,0,0,1,0,0,0,0,0,0,NA,1,1,0,0,1,0,NA,NA,1,0,0,0,NA,1,1,0,0,0,0,0,1,0,0,0,0,0,1,0,1,NA,NA,NA,NA,1,1
38,DTXSID1027891,26264-06-2,Calcium dodecylbenzene sulfonate,Scenario 1b,0,0,0,0,0,0,0,0,0,0,0,27,1,1,0,0,1,0,NA,NA,1,0,0,0,1,1,0,1,1,0,0,0,0,0,0,0,0,0,1,0,1,NA,NA,NA,NA,1,1
39,DTXSID1038822,4196-89-8,Neopentyl glycol dibenzoate,Scenario 1b,0,0,0,0,1,0,0,0,0,0,0,4,1,1,0,0,1,0,NA,NA,1,0,0,0,1,1,1,0,0,0,1,0,1,0,0,0,0,0,1,0,1,NA,NA,NA,NA,1,1
43,DTXSID1044938,8/9/4130,Ethenylsilanetriyl triacetate,Scenario 1b,0,0,0,0,1,0,0,0,0,0,0,34,1,1,0,0,1,0,NA,NA,1,0,0,0,1,1,1,0,0,0,0,0,1,0,0,0,0,0,1,0,1,NA,NA,NA,NA,1,1
48,DTXSID2041200,94-91-7,"N,N'-Disalicylidene-1,2-diaminopropane",Scenario 1b,0,0,0,0,0,0,0,0,0,1,0,2,1,1,0,1,1,0,NA,NA,1,0,0,1,1,1,1,1,1,0,0,0,1,0,0,0,0,0,1,0,1,NA,NA,NA,NA,1,1
49,DTXSID2047725,90-17-5,"2,2,2-Trichloro-1-phenylethyl acetate",Scenario 1b,0,0,0,0,1,0,0,0,0,1,0,8,1,1,0,1,1,0,NA,NA,1,0,0,1,1,1,1,0,0,0,0,0,1,0,0,0,0,0,1,0,1,NA,NA,NA,NA,1,1
52,DTXSID4038924,6259-76-3,Hexyl salicylate,Scenario 1b,0,0,0,0,0,0,0,0,0,1,0,27,1,1,0,0,1,0,NA,NA,1,0,0,0,1,1,1,1,1,0,0,0,1,0,0,0,0,0,1,0,1,NA,NA,NA,NA,1,1
59,DTXSID5041726,11/9/2610,C.I. Direct Red 81 disodium salt,Scenario 1b,0,0,0,0,1,0,0,0,0,0,0,4,1,1,0,0,1,0,NA,NA,1,0,0,0,1,1,1,0,1,0,0,0,1,0,0,0,0,0,1,0,1,NA,NA,NA,NA,1,1
60,DTXSID6025301,2461-15-6,2-Ethylhexyl glycidyl ether,Scenario 1b,0,0,0,0,1,0,0,0,0,0,0,3,1,1,0,0,1,0,NA,NA,1,0,0,0,1,1,1,0,0,0,0,0,1,0,0,0,0,0,1,0,1,NA,NA,NA,NA,1,1
61,DTXSID6041424,13254-34-7,"2,6-Dimethyl-2-heptanol",Scenario 1b,0,0,0,0,1,0,0,0,0,0,0,8,1,1,0,0,1,0,NA,NA,1,0,0,0,1,1,1,1,1,0,0,0,1,0,0,0,0,0,1,0,1,NA,NA,NA,NA,1,1
64,DTXSID7021607,142-62-1,Hexanoic acid,Scenario 1b,0,0,0,0,1,0,0,0,1,0,1,88,1,1,0,1,1,0,1,0,1,1,0,1,1,1,1,1,1,1,1,0,1,0,0,0,0,0,0,0,NA,NA,1,1,NA,NA,1
67,DTXSID7042011,97-78-9,N-Dodecanoyl-N-methylglycine,Scenario 1b,1,0,0,0,1,1,0,0,0,1,1,NA,1,1,0,0,1,0,1,0,1,0,0,0,NA,1,1,1,1,0,0,0,1,0,0,0,0,0,1,0,1,NA,NA,NA,NA,1,1
71,DTXSID7047198,39255-32-8,Ethyl 2-methylpentanoate,Scenario 1b,0,0,0,0,1,0,0,0,0,1,0,2,1,1,0,1,1,0,NA,NA,1,0,0,1,1,1,1,0,0,0,0,0,1,0,0,0,0,0,1,0,1,NA,NA,NA,NA,1,1
72,DTXSID8044755,2705-87-5,Prop-2-en-1-yl 3-cyclohexylpropanoate,Scenario 1b,0,0,0,0,1,0,0,0,0,1,0,40,1,1,0,1,1,0,NA,NA,1,0,0,1,1,1,1,0,0,0,0,0,1,0,0,0,0,0,1,0,1,NA,NA,NA,NA,1,1
73,DTXSID8044961,59719-67-4,"Bis{2-[2-(propan-2-yl)-1,3-oxazolidin-3-yl]ethyl} hexane-1,6-diylbiscarbamate",Scenario 1b,0,0,0,0,0,0,0,0,0,0,0,16,1,1,0,0,1,0,NA,NA,1,0,0,0,1,1,1,0,0,0,0,0,1,0,0,0,0,0,1,0,1,NA,NA,NA,NA,1,1
74,DTXSID8052148,5124-25-4,C.I.Disperse Yellow 42,Scenario 1b,0,0,0,0,0,0,0,0,0,0,0,20,0,1,0,0,1,0,NA,NA,1,0,0,0,1,1,1,0,0,0,0,0,1,0,0,0,0,0,1,0,1,NA,NA,NA,NA,1,1
76,DTXSID9040215,20120-33-6,3-(Dimethylphosphono)-N-methylolpropionamide,Scenario 1b,0,0,0,0,0,0,0,0,0,0,0,26,1,1,0,0,1,0,NA,NA,1,0,0,0,1,1,1,0,0,0,0,0,1,0,0,0,0,0,1,0,1,NA,NA,NA,NA,1,1
80,DTXSID9044532,130-20-1,D&C Blue No. 9,Scenario 1b,1,0,0,0,1,0,0,0,0,0,0,6,1,1,0,0,1,0,NA,NA,1,0,0,0,1,1,1,0,0,0,1,0,1,0,0,0,0,0,1,0,1,NA,NA,NA,NA,1,1
82,DTXSID9047201,20665-85-4,Vanillin isobutyrate,Scenario 1b,0,0,0,0,1,0,0,0,0,0,0,1,1,1,0,1,1,0,NA,NA,1,0,0,1,1,1,1,0,0,0,0,0,1,0,0,0,0,0,1,0,1,NA,NA,NA,NA,1,1
83,DTXSID1039719,10124-37-5,Calcium nitrate,Scenario 1c,0,0,0,0,1,0,0,0,0,0,0,46,1,1,0,0,1,0,0,0,1,0,0,0,1,0,0,0,0,0,0,0,0,0,0,0,0,0,0,0,NA,NA,1,1,NA,NA,1
84,DTXSID4020290,50892-23-4,Pirinixic acid,Scenario 1c,0,0,0,0,1,0,0,0,1,1,1,99,1,1,1,1,1,1,NA,NA,1,1,0,1,1,1,1,1,1,1,1,0,1,1,0,0,0,0,0,0,NA,1,NA,1,NA,NA,1
85,DTXSID4029692,7757-79-1,Potassium nitrate,Scenario 1c,0,0,0,0,1,0,0,0,0,0,0,252,1,1,0,1,1,0,0,0,1,0,0,1,1,0,0,1,1,0,0,0,0,0,0,0,0,0,0,0,NA,NA,1,1,NA,NA,1
87,DTXSID7020215,25013-16-5,Butylated hydroxyanisole,Scenario 1c,0,0,0,0,0,0,0,0,0,0,0,492,1,1,0,1,1,0,0,0,1,0,0,1,1,1,0,0,0,0,0,0,0,0,0,0,0,0,0,0,NA,NA,1,1,NA,NA,1
89,DTXSID7040788,121-00-6,2-tert-Butyl-4-methoxyphenol,Scenario 1c,0,0,0,0,0,0,0,0,1,1,1,4,1,1,0,1,1,0,1,0,1,1,0,1,1,1,1,1,1,1,1,0,1,0,0,0,0,0,0,0,NA,1,1,1,NA,NA,1
90,DTXSID8027036,126-30-7,"2,2-Dimethylpropane-1,3-diol",Scenario 1c,0,0,0,0,1,0,0,0,0,0,0,48,1,1,0,0,1,0,1,0,1,0,0,0,1,1,1,1,1,0,0,0,1,0,0,0,0,0,0,0,NA,NA,1,1,NA,NA,1
92,DTXSID0040707,33228-44-3,4-Pentylaniline,Scenario 2,0,0,0,0,1,0,0,0,1,1,1,NA,1,1,0,1,1,0,NA,NA,1,1,0,1,NA,1,1,1,1,1,1,0,1,1,0,0,0,0,0,0,NA,1,NA,1,NA,NA,1
93,DTXSID0048505,NOCAS_48505,PharmaGSID_48505,Scenario 2,0,0,0,0,0,0,0,0,1,0,1,NA,1,1,0,1,1,0,NA,NA,1,1,0,1,NA,0,0,0,1,1,1,0,1,1,0,0,0,0,0,0,NA,1,NA,1,NA,NA,1
94,DTXSID1046970,105624-86-0,5HPP-33,Scenario 2,0,0,0,0,1,0,0,0,1,0,1,NA,1,1,0,1,1,0,NA,NA,1,1,0,1,NA,1,1,1,1,1,1,0,1,1,0,0,0,0,0,0,NA,1,NA,1,NA,NA,1
95,DTXSID1047285,527680-56-4,PHA-00568487,Scenario 2,0,0,0,0,0,0,0,0,0,0,0,NA,1,1,0,1,1,0,NA,NA,1,1,0,1,NA,1,1,1,1,1,1,0,1,1,0,0,0,0,0,0,NA,1,NA,1,NA,NA,1
96,DTXSID2044890,2467-03-0,2-[(4-Hydroxyphenyl)methyl]phenol,Scenario 2,0,0,0,0,1,0,0,0,0,1,0,NA,1,1,0,0,1,0,0,0,1,0,0,0,NA,1,1,0,0,0,0,0,1,1,0,0,0,0,0,0,NA,1,1,1,NA,NA,1
97,DTXSID4022442,77-40-7,Bisphenol B,Scenario 2,0,0,0,0,1,0,0,0,1,1,1,NA,1,1,0,1,1,0,NA,NA,1,1,0,1,NA,1,1,1,1,1,1,0,1,0,0,0,0,0,0,0,NA,1,NA,1,NA,NA,1
98,DTXSID4022446,2/9/2467,"2,2'-Bisphenol F",Scenario 2,0,0,0,0,1,0,0,0,0,1,0,4,1,1,0,1,1,0,0,0,1,0,0,1,1,1,1,0,1,0,0,0,1,1,0,0,0,0,0,0,NA,1,1,1,NA,NA,1
99,DTXSID5022439,81-90-3,Phenolphthalin,Scenario 2,0,0,0,0,1,0,0,0,1,1,1,NA,1,1,0,1,1,0,NA,NA,1,1,0,1,NA,1,1,1,1,1,1,0,1,1,0,0,0,0,0,0,NA,1,NA,1,NA,NA,1
100,DTXSID5038888,2390-60-5,Basic Blue 7,Scenario 2,0,0,0,0,1,0,0,0,0,0,0,NA,1,1,0,1,1,0,NA,NA,1,0,0,1,NA,1,1,1,1,0,0,0,1,1,0,0,0,0,0,0,NA,1,NA,1,NA,NA,1
101,DTXSID5044520,1176-74-5,Tetrabromophenolphthalein ethyl ester,Scenario 2,0,0,0,0,1,0,0,0,0,0,0,NA,1,1,0,1,1,0,NA,NA,1,0,0,1,NA,1,1,0,0,0,0,0,1,0,0,0,0,0,0,0,NA,1,NA,1,NA,NA,1
102,DTXSID7041097,85532-75-8,PK 11195,Scenario 2,0,0,0,0,1,0,0,0,1,0,1,NA,1,1,1,1,1,0,NA,NA,1,1,0,1,NA,1,1,1,1,1,1,0,1,0,0,0,0,0,0,0,NA,1,NA,1,NA,NA,1
103,DTXSID7046627,147536-97-8,Bosentan,Scenario 2,0,0,0,0,0,1,0,1,0,0,2,NA,1,0,1,0,1,0,NA,NA,1,0,0,0,NA,1,1,0,0,0,0,0,1,0,0,0,0,0,0,0,NA,1,NA,1,NA,NA,1
104,DTXSID8022325,2971-36-0,"2,2-Bis(4-hydroxyphenyl)-1,1,1-trichloroethane",Scenario 2,0,0,0,0,1,0,0,0,0,0,0,NA,1,1,1,1,1,0,NA,NA,1,1,0,1,NA,1,1,1,1,1,1,0,1,0,0,0,0,0,0,0,NA,1,NA,1,NA,NA,1
105,DTXSID8026303,125-31-5,p-Xylenol blue,Scenario 2,0,0,0,0,1,0,0,0,0,0,0,NA,1,1,0,1,1,0,NA,NA,1,0,0,1,NA,1,1,0,0,0,0,0,1,1,0,0,0,0,0,0,NA,1,NA,1,NA,NA,1
106,DTXSID8044836,1470-79-7,"2,4,4'-Trihydroxybenzophenone",Scenario 2,0,0,0,0,1,0,0,0,0,1,0,NA,1,1,0,0,1,0,NA,NA,1,0,0,0,NA,1,1,0,0,0,0,0,1,1,0,0,0,0,0,0,NA,1,NA,1,NA,NA,1
107,DTXSID9034361,90823-38-4,Denatonium saccharide,Scenario 2,0,0,0,0,1,0,0,0,0,0,0,NA,1,1,0,1,1,0,NA,NA,1,0,0,1,NA,1,1,1,1,0,0,0,1,0,0,0,0,0,0,0,NA,1,NA,1,NA,NA,1
108,DTXSID9040001,4376-18-5,Monomethyl phthalate,Scenario 2,0,0,0,0,1,0,0,0,1,0,1,NA,1,1,0,1,1,0,NA,NA,1,1,0,1,NA,1,1,1,1,1,1,0,1,1,0,0,0,0,0,0,NA,1,NA,1,NA,NA,1
109,DTXSID9047540,6344-67-8,3-Hydroxyfluorene,Scenario 2,0,0,0,0,0,0,0,0,1,0,1,NA,1,1,0,1,1,0,NA,NA,1,1,0,1,NA,1,1,1,1,1,1,0,1,0,0,0,0,0,0,0,NA,1,NA,1,NA,NA,1
110,DTXSID9047592,484-17-3,9-Phenanthrol,Scenario 2,0,0,0,0,1,0,0,0,1,1,1,NA,1,1,0,1,1,0,NA,NA,1,1,0,1,NA,1,1,1,1,1,1,0,1,1,0,0,0,0,0,0,NA,1,NA,1,NA,NA,1
111,DTXSID9048510,460081-99-6,PharmaGSID_48510,Scenario 2,0,0,0,0,0,0,0,0,0,0,0,NA,1,1,0,1,1,0,NA,NA,1,1,0,1,NA,1,1,0,1,1,1,0,1,1,0,0,0,0,0,0,NA,1,NA,1,NA,NA,1
112,DTXSID0020523,51-28-5,"2,4-Dinitrophenol",Scenario 3,0,0,0,0,0,0,0,1,1,1,2,842,1,1,0,1,1,1,0,0,1,1,0,1,1,1,1,1,1,1,1,0,1,1,0,0,0,0,0,0,NA,1,1,1,NA,NA,1
113,DTXSID0021256,599-79-1,Sulfasalazine,Scenario 3,0,0,0,0,1,1,0,0,1,1,2,155,1,1,1,1,1,1,NA,NA,1,0,0,1,1,1,1,1,1,1,1,0,1,1,0,0,0,0,0,0,NA,1,NA,1,NA,NA,1
114,DTXSID0021337,148-79-8,Thiabendazole,Scenario 3,0,0,0,0,1,1,0,1,1,1,3,297,1,1,0,1,1,1,0,0,1,1,0,1,1,1,1,1,1,1,1,0,1,1,0,0,0,0,0,0,NA,1,1,1,NA,NA,1
115,DTXSID0023901,25057-89-0,Bentazone,Scenario 3,0,0,0,0,0,1,0,1,1,1,3,558,1,1,0,1,1,1,1,0,1,1,0,1,1,1,1,1,1,1,1,0,1,0,0,0,0,0,0,0,NA,1,1,1,NA,NA,1
116,DTXSID0023951,5234-68-4,Carboxin,Scenario 3,0,0,0,0,1,0,0,0,1,1,1,361,1,1,0,1,1,1,NA,NA,1,1,0,1,1,1,1,1,1,1,1,0,1,1,0,0,0,0,0,0,NA,1,NA,1,NA,NA,1
117,DTXSID0024216,1929-82-4,Nitrapyrin,Scenario 3,0,0,0,0,1,0,0,0,0,1,0,282,1,1,0,1,1,1,NA,NA,1,1,0,1,1,1,1,1,1,1,1,0,1,1,0,0,0,0,0,0,NA,1,NA,1,NA,NA,1
118,DTXSID0032493,55219-65-3,Triadimenol,Scenario 3,0,0,0,0,1,1,0,1,1,1,3,242,1,1,0,1,1,1,NA,NA,1,1,0,1,1,1,1,1,1,1,1,1,1,1,0,0,0,0,0,0,NA,1,NA,1,NA,NA,1
119,DTXSID0032520,131860-33-8,Azoxystrobin,Scenario 3,0,0,0,0,1,0,0,1,1,1,2,562,1,1,0,1,1,1,NA,NA,1,1,0,1,1,1,1,1,1,1,1,0,1,1,0,0,0,0,0,0,NA,1,NA,1,NA,NA,1
120,DTXSID0032601,94361-06-5,Cyproconazole,Scenario 3,0,0,0,0,1,1,1,1,1,1,4,360,1,1,0,1,1,1,NA,NA,1,1,0,1,1,1,1,1,1,1,1,1,1,0,0,0,0,0,0,0,NA,1,NA,1,NA,NA,1
121,DTXSID0032655,131983-72-7,Triticonazole,Scenario 3,0,0,0,0,0,1,0,0,1,1,2,233,1,1,0,1,1,1,NA,NA,1,1,0,1,1,1,0,1,1,1,1,0,1,1,0,0,0,0,0,0,NA,1,NA,1,NA,NA,1
122,DTXSID0039223,116-06-3,Aldicarb,Scenario 3,0,0,0,0,0,0,0,0,0,1,0,1156,1,1,0,1,1,1,NA,NA,1,1,0,1,1,1,1,1,1,1,1,0,1,0,0,0,0,0,0,0,NA,1,NA,1,NA,NA,1
123,DTXSID1020560,115-29-7,Endosulfan,Scenario 3,0,0,0,0,0,0,0,0,0,1,0,2883,1,1,1,1,1,1,NA,NA,1,1,0,1,1,1,1,1,1,1,1,0,1,0,0,0,0,0,0,0,NA,1,NA,1,NA,NA,1
125,DTXSID1021956,117-84-0,Di-n-octyl phthalate,Scenario 3,0,0,0,0,1,0,0,0,1,1,1,228,1,1,0,1,1,1,1,0,1,1,1,1,1,1,1,1,1,1,1,1,1,1,0,0,0,0,0,0,NA,1,1,1,NA,NA,1
126,DTXSID1023990,21725-46-2,Cyanazine,Scenario 3,0,0,0,0,1,1,0,1,1,0,3,405,1,1,0,1,1,1,NA,NA,1,1,0,1,1,1,1,1,1,1,1,0,1,1,0,0,0,0,0,0,NA,1,NA,1,NA,NA,1
127,DTXSID1024091,759-94-4,EPTC,Scenario 3,1,0,0,0,1,0,0,0,1,0,1,490,1,1,0,1,1,1,0,0,1,1,0,1,1,1,1,1,1,1,1,0,1,1,0,0,0,0,0,0,NA,1,NA,1,NA,NA,1
128,DTXSID1024174,78-48-8,Tribufos,Scenario 3,0,0,0,0,0,0,0,0,0,0,0,495,1,1,0,1,1,1,NA,NA,1,1,0,1,1,1,1,1,1,1,1,0,1,0,0,0,0,0,0,0,NA,1,NA,1,NA,NA,1
129,DTXSID1032359,121552-61-2,Cyprodinil,Scenario 3,0,0,0,0,1,1,0,1,1,1,3,246,1,1,0,1,1,1,NA,NA,1,1,0,1,1,1,1,1,1,1,1,0,1,1,0,0,0,0,0,0,NA,1,NA,1,NA,NA,1
130,DTXSID1032488,117718-60-2,Thiazopyr,Scenario 3,0,0,0,0,0,0,0,1,1,0,2,168,1,1,0,1,1,1,NA,NA,1,1,0,1,1,1,1,1,1,1,1,0,1,0,0,0,0,0,0,0,NA,1,NA,1,NA,NA,1
131,DTXSID2020686,58-89-9,Lindane,Scenario 3,0,0,0,0,0,0,0,0,0,1,0,2017,1,1,1,1,1,0,NA,NA,1,1,0,1,1,1,1,1,1,1,1,0,1,0,0,0,0,0,0,0,NA,1,NA,1,NA,NA,1
132,DTXSID2021781,84-74-2,Dibutyl phthalate,Scenario 3,0,0,0,0,1,1,0,1,1,1,3,902,1,1,0,1,1,1,1,0,1,1,0,1,1,1,1,1,1,1,1,0,1,0,0,0,0,0,0,0,NA,1,1,1,NA,NA,1
133,DTXSID2021866,105-99-7,Dibutyl adipate,Scenario 3,0,0,0,0,1,0,0,0,1,1,1,22,1,1,0,1,1,1,1,0,1,1,0,1,1,1,1,1,1,1,1,0,1,1,0,0,0,0,0,0,NA,1,1,1,NA,NA,1
134,DTXSID2024086,563-12-2,Ethion,Scenario 3,0,0,0,0,1,0,0,1,1,1,2,417,1,1,0,1,1,1,NA,NA,1,1,1,1,1,1,1,1,1,1,1,0,1,1,0,0,0,0,0,0,NA,1,NA,1,NA,NA,1
135,DTXSID2032500,68694-11-1,Triflumizole,Scenario 3,0,0,0,0,1,0,0,0,1,0,1,261,1,1,0,1,1,1,NA,NA,1,1,0,1,1,1,1,1,1,1,1,0,1,1,0,0,0,0,0,0,NA,1,NA,1,NA,NA,1
136,DTXSID2032552,142459-58-3,Flufenacet,Scenario 3,0,0,0,0,1,0,0,1,1,1,2,309,1,1,0,1,1,1,NA,NA,1,1,0,1,1,1,1,1,1,1,1,0,1,1,0,0,0,0,0,0,NA,1,NA,1,NA,NA,1
137,DTXSID2034590,161326-34-7,Fenamidone,Scenario 3,0,0,0,0,1,0,0,1,1,1,2,263,1,1,0,1,1,1,NA,NA,1,1,0,1,1,1,1,1,1,1,1,0,1,1,0,0,0,0,0,0,NA,1,NA,1,NA,NA,1
138,DTXSID2034625,361377-29-9,Fluoxastrobin,Scenario 3,0,0,0,0,1,0,0,1,1,0,2,198,1,1,0,1,1,1,NA,NA,1,1,0,1,1,1,0,1,1,1,1,0,1,1,0,0,0,0,0,0,NA,1,NA,1,NA,NA,1
139,DTXSID2034627,69377-81-7,Fluroxypyr,Scenario 3,0,0,0,0,1,1,0,1,1,1,3,247,1,1,0,1,1,1,NA,NA,1,1,0,1,1,1,1,1,1,1,1,1,1,1,0,0,0,0,0,0,NA,1,NA,1,NA,NA,1
140,DTXSID3020912,389-08-2,Nalidixic acid,Scenario 3,0,0,0,0,1,1,0,0,1,1,2,27,1,1,0,1,1,1,NA,NA,1,0,0,1,1,1,1,0,0,0,0,0,1,0,0,0,0,0,0,0,NA,1,NA,1,NA,NA,1
141,DTXSID3024104,206-44-0,Fluoranthene,Scenario 3,0,0,0,0,1,0,0,0,0,1,0,978,1,1,0,1,1,1,0,0,1,1,1,1,1,1,1,1,1,1,1,0,1,0,0,0,0,0,0,0,NA,1,1,1,NA,NA,1
142,DTXSID3024154,36734-19-7,Iprodione,Scenario 3,0,0,0,0,1,0,0,1,1,0,2,451,1,1,0,1,1,1,NA,NA,1,1,0,1,1,1,1,1,1,1,1,0,1,1,0,0,0,0,0,0,NA,1,NA,1,NA,NA,1
143,DTXSID3032549,126833-17-8,Fenhexamid,Scenario 3,0,0,0,0,1,0,0,1,1,1,2,210,1,1,0,1,1,1,NA,NA,1,1,0,1,1,1,1,1,1,1,1,0,1,0,0,0,0,0,0,0,NA,1,NA,1,NA,NA,1
144,DTXSID3032628,161050-58-4,Methoxyfenozide,Scenario 3,0,0,0,0,1,0,0,1,1,0,2,689,1,1,0,1,1,1,NA,NA,1,1,0,1,1,1,1,1,1,1,1,0,1,1,0,0,0,0,0,0,NA,1,NA,1,NA,NA,1
145,DTXSID3037707,29420-49-3,Potassium perfluorobutanesulfonate,Scenario 3,0,0,0,0,1,0,0,0,0,0,0,84,1,1,0,1,1,1,1,0,1,1,1,1,1,1,1,1,1,1,1,0,1,0,0,0,0,0,0,0,NA,1,1,1,NA,NA,1
146,DTXSID3047558,2144-53-8,6:2 Fluorotelomer methacrylate,Scenario 3,0,0,0,0,1,0,0,0,0,0,0,8,1,1,0,1,1,1,0,0,1,1,0,1,1,1,1,1,1,1,1,0,1,0,0,0,0,0,0,0,NA,1,1,1,NA,NA,1
147,DTXSID4020375,50-29-3,Dichlorodiphenyltrichloroethane,Scenario 3,0,0,0,0,0,0,0,0,0,1,0,2977,1,1,1,1,1,1,1,0,1,1,0,1,1,1,1,1,1,1,1,1,1,0,0,0,0,0,0,0,NA,1,1,1,NA,NA,1
148,DTXSID4021268,122-34-9,Simazine,Scenario 3,0,0,0,0,1,1,0,1,1,1,3,1472,1,1,0,1,1,1,0,0,1,1,0,1,1,1,1,1,1,1,1,0,1,1,0,0,0,0,0,0,NA,1,1,1,NA,NA,1
149,DTXSID4022448,51218-45-2,Metolachlor,Scenario 3,0,0,0,0,1,0,0,1,1,1,2,1034,1,1,0,1,1,1,NA,NA,1,1,0,1,1,1,1,1,1,1,1,0,1,0,0,0,0,0,0,0,NA,1,NA,1,NA,NA,1
150,DTXSID4022529,99-76-3,Methylparaben,Scenario 3,0,0,0,0,1,1,0,0,1,1,2,101,1,1,0,1,1,1,0,0,1,1,1,1,1,1,1,1,1,1,1,1,1,1,0,0,0,0,0,0,NA,1,1,1,NA,NA,1
151,DTXSID4024359,95-95-4,"2,4,5-Trichlorophenol",Scenario 3,0,0,0,0,1,0,0,1,1,1,2,386,1,1,0,1,1,1,0,0,1,1,0,1,1,1,1,1,1,1,1,0,1,0,0,0,0,0,0,0,NA,1,1,1,NA,NA,1
152,DTXSID4032372,119446-68-3,Difenoconazole,Scenario 3,0,0,0,0,1,1,0,1,1,1,3,431,1,1,0,1,1,1,NA,NA,1,1,0,1,1,1,1,1,1,1,1,1,1,1,0,0,0,0,0,0,NA,1,NA,1,NA,NA,1
153,DTXSID4032376,87674-68-8,Dimethenamid,Scenario 3,0,0,0,0,1,0,0,1,1,1,2,168,1,1,0,1,1,1,NA,NA,1,1,0,1,1,1,1,1,1,1,1,0,1,1,0,0,0,0,0,0,NA,1,NA,1,NA,NA,1
154,DTXSID4032459,298-02-2,Phorate,Scenario 3,0,0,0,0,1,0,0,0,1,0,1,817,1,1,0,1,1,1,NA,NA,1,1,0,1,1,1,1,1,1,1,1,0,1,0,0,0,0,0,0,0,NA,1,NA,1,NA,NA,1
155,DTXSID4034609,120068-37-3,Fipronil,Scenario 3,0,0,0,0,1,0,0,1,1,1,2,1173,1,1,0,1,1,1,NA,NA,1,1,0,1,1,1,1,1,1,1,1,0,1,1,0,0,0,0,0,0,NA,1,NA,1,NA,NA,1
156,DTXSID5020528,606-20-2,"2,6-Dinitrotoluene",Scenario 3,0,0,0,0,1,0,0,0,0,1,0,511,1,1,0,1,1,1,0,0,1,1,0,1,1,1,1,1,1,1,1,0,1,0,0,0,0,0,0,0,NA,1,1,1,NA,NA,1
157,DTXSID5020869,101-61-1,"4,4'-Methylenebis(N,N-dimethylaniline)",Scenario 3,0,0,0,0,1,1,0,0,1,1,2,114,1,1,0,1,1,1,NA,NA,1,1,0,1,1,1,1,1,1,1,1,0,1,0,0,0,0,0,0,0,NA,1,NA,1,NA,NA,1
158,DTXSID5021209,51-52-5,6-Propyl-2-thiouracil,Scenario 3,0,0,0,0,1,1,0,1,1,1,3,139,1,1,1,1,1,1,0,0,1,1,0,1,1,1,1,1,1,1,1,0,1,0,0,0,0,0,0,0,NA,1,1,1,NA,NA,1
159,DTXSID5021386,88-06-2,"2,4,6-Trichlorophenol",Scenario 3,0,0,0,0,1,0,0,1,0,1,1,669,1,1,0,1,1,1,0,0,1,1,1,1,1,1,1,1,1,1,1,0,1,0,0,0,0,0,0,0,NA,1,1,1,NA,NA,1
160,DTXSID5024059,119-93-7,"3,3'-Dimethylbenzidine",Scenario 3,0,0,0,0,0,0,0,0,1,1,1,163,1,1,0,1,1,1,0,0,1,1,1,1,1,1,1,1,1,1,1,0,1,1,0,0,0,0,0,0,NA,1,1,1,NA,NA,1
161,DTXSID5024211,15299-99-7,Napropamide,Scenario 3,0,0,0,0,1,0,0,1,1,0,2,311,1,1,0,1,1,1,NA,NA,1,1,0,1,1,1,1,1,1,1,1,0,1,1,0,0,0,0,0,0,NA,1,NA,1,NA,NA,1
162,DTXSID5032365,1194-65-6,Dichlobenil,Scenario 3,0,0,0,0,1,0,0,1,0,1,1,470,1,1,0,1,1,1,NA,NA,1,1,0,1,1,1,1,1,1,1,1,0,1,0,0,0,0,0,0,0,NA,1,NA,1,NA,NA,1
163,DTXSID5032523,2634-33-5,"1,2-Benzisothiazolin-3-one",Scenario 3,0,0,0,0,1,1,0,1,1,1,3,110,1,1,0,1,1,1,1,0,1,1,1,1,1,1,1,1,1,1,1,0,1,0,0,0,0,0,0,0,NA,1,1,1,NA,NA,1
164,DTXSID5032525,149877-41-8,Bifenazate,Scenario 3,0,0,0,0,1,0,0,0,0,1,0,354,1,1,0,1,1,1,NA,NA,1,1,0,1,1,1,1,1,1,1,1,0,1,1,0,0,0,0,0,0,NA,1,NA,1,NA,NA,1
165,DTXSID5032573,96489-71-3,Pyridaben,Scenario 3,0,0,0,0,1,0,0,0,1,1,1,472,1,1,0,1,1,1,NA,NA,1,1,0,1,1,1,1,1,1,1,1,0,1,0,0,0,0,0,0,0,NA,1,NA,1,NA,NA,1
166,DTXSID5032577,79538-32-2,Tefluthrin,Scenario 3,0,0,0,0,0,0,0,0,0,1,0,197,1,1,0,1,1,1,NA,NA,1,1,0,1,1,1,1,1,1,1,1,0,1,0,0,0,0,0,0,0,NA,1,NA,1,NA,NA,1
167,DTXSID5034773,116714-46-6,Novaluron,Scenario 3,0,0,0,0,1,0,0,0,1,0,1,242,1,1,0,1,1,1,NA,NA,1,1,0,1,1,1,1,1,1,1,1,0,1,1,0,0,0,0,0,0,NA,1,NA,1,NA,NA,1
168,DTXSID6020561,72-20-8,Endrin,Scenario 3,0,0,0,0,0,0,0,0,0,1,0,1753,1,1,0,1,1,1,NA,NA,1,1,0,1,1,1,1,1,1,1,1,0,1,0,0,0,0,0,0,0,NA,1,NA,1,NA,NA,1
169,DTXSID6021086,23135-22-0,Oxamyl,Scenario 3,0,0,0,0,1,0,0,0,0,0,0,663,1,1,0,1,1,1,NA,NA,1,1,0,1,1,1,1,1,1,1,1,1,1,0,0,0,0,0,0,0,NA,1,NA,1,NA,NA,1
170,DTXSID6022341,1610-18-0,Prometon,Scenario 3,0,0,0,0,1,0,0,1,1,1,2,310,1,1,0,1,1,1,0,0,1,1,0,1,1,1,1,1,1,1,1,0,1,1,0,0,0,0,0,0,NA,1,1,1,NA,NA,1
171,DTXSID6032645,122836-35-5,Sulfentrazone,Scenario 3,0,0,0,0,1,0,0,1,1,1,2,346,1,1,0,1,1,1,NA,NA,1,1,0,1,1,1,1,1,1,1,1,0,1,1,0,0,0,0,0,0,NA,1,NA,1,NA,NA,1
172,DTXSID6032649,7696-12-0,Tetramethrin,Scenario 3,0,0,0,0,1,0,0,0,1,1,1,192,1,1,0,1,1,1,NA,NA,1,1,0,1,1,1,1,1,1,1,1,0,1,1,0,0,0,0,0,0,NA,1,NA,1,NA,NA,1
173,DTXSID6034392,188425-85-6,Boscalid,Scenario 3,0,0,0,0,1,1,0,1,1,1,3,233,1,1,0,1,1,1,NA,NA,1,1,0,1,1,1,1,1,1,1,1,0,1,1,0,0,0,0,0,0,NA,1,NA,1,NA,NA,1
174,DTXSID7020479,60-51-5,Dimethoate,Scenario 3,0,0,0,0,0,0,0,1,1,1,2,2023,1,1,0,1,1,1,0,0,1,1,0,1,1,1,1,1,1,1,1,0,1,0,0,0,0,0,0,0,NA,1,1,1,NA,NA,1
175,DTXSID7021100,56-38-2,Parathion,Scenario 3,0,0,0,0,0,1,0,1,1,1,3,1390,1,1,0,1,1,1,NA,NA,1,1,0,1,1,1,1,1,1,1,1,0,1,0,0,0,0,0,0,0,NA,1,NA,1,NA,NA,1
176,DTXSID7022174,2104-64-5,EPN,Scenario 3,0,0,0,0,1,0,0,0,0,1,0,364,1,1,0,1,1,1,NA,NA,1,1,0,1,1,1,1,1,1,1,1,0,1,1,0,0,0,0,0,0,NA,1,NA,1,NA,NA,1
177,DTXSID7024320,95-94-3,"1,2,4,5-Tetrachlorobenzene",Scenario 3,0,0,0,0,1,0,0,0,0,1,0,291,1,1,0,1,1,1,0,0,1,1,1,1,1,1,1,1,1,1,1,0,1,0,0,0,0,0,0,0,NA,1,1,1,NA,NA,1
178,DTXSID7024902,533-74-4,Dazomet,Scenario 3,0,0,0,0,1,0,0,0,0,0,0,410,1,1,0,1,1,1,NA,NA,1,1,0,1,1,1,1,1,1,1,1,0,1,0,0,0,0,0,0,0,NA,1,NA,1,NA,NA,1
179,DTXSID7029879,65277-42-1,Ketoconazole,Scenario 3,0,0,0,0,1,1,1,1,1,0,4,98,1,1,1,1,1,1,NA,NA,1,1,0,1,1,1,1,1,1,1,1,0,1,0,0,0,0,0,0,0,NA,1,NA,1,NA,NA,1
180,DTXSID7032004,13311-84-7,Flutamide,Scenario 3,0,0,0,0,1,0,0,1,1,0,2,148,1,1,1,1,1,1,NA,NA,1,1,1,1,1,1,1,1,1,1,1,0,1,1,0,0,0,0,0,0,NA,1,NA,1,NA,NA,1
181,DTXSID7032638,175013-18-0,Pyraclostrobin,Scenario 3,0,0,0,0,1,0,0,1,1,1,2,316,1,1,0,1,1,1,NA,NA,1,1,0,1,1,1,1,1,1,1,1,0,1,1,0,0,0,0,0,0,NA,1,NA,1,NA,NA,1
182,DTXSID7034545,110488-70-5,Dimethomorph,Scenario 3,0,0,0,0,0,0,0,1,1,1,2,202,1,1,0,1,1,1,NA,NA,1,1,0,1,1,1,0,1,1,1,1,0,1,0,0,0,0,0,0,0,NA,1,NA,1,NA,NA,1
183,DTXSID8020040,309-00-2,Aldrin,Scenario 3,0,0,0,0,1,0,0,0,0,0,0,981,1,1,0,1,1,1,NA,NA,1,1,0,1,1,1,1,1,1,1,1,0,1,0,0,0,0,0,0,0,NA,1,NA,1,NA,NA,1
184,DTXSID8020620,55-38-9,Fenthion,Scenario 3,0,0,0,0,1,0,0,1,1,1,2,1054,1,1,0,1,1,1,NA,NA,1,1,0,1,1,1,1,1,1,1,1,0,1,1,0,0,0,0,0,0,NA,1,NA,1,NA,NA,1
185,DTXSID8024238,19044-88-3,Oryzalin,Scenario 3,0,0,0,0,0,0,0,1,1,1,2,722,1,1,0,1,1,1,NA,NA,1,1,1,1,1,1,1,1,1,1,1,0,1,0,0,0,0,0,0,0,NA,1,NA,1,NA,NA,1
186,DTXSID8024315,88671-89-0,Myclobutanil,Scenario 3,0,0,0,0,1,1,0,1,1,1,3,405,1,1,0,1,1,1,NA,NA,1,1,0,1,1,1,1,1,1,1,1,0,1,1,0,0,0,0,0,0,NA,1,NA,1,NA,NA,1
187,DTXSID8026307,87-62-7,"2,6-Dimethylaniline",Scenario 3,0,0,0,0,1,0,0,1,0,1,1,115,1,1,0,1,1,1,0,0,1,1,1,1,1,1,1,1,1,1,1,0,1,1,0,0,0,0,0,0,NA,1,1,1,NA,NA,1
188,DTXSID8034401,69327-76-0,Buprofezin,Scenario 3,0,0,0,0,0,0,0,0,1,1,1,467,1,1,0,1,1,1,NA,NA,1,1,0,1,1,1,1,1,1,1,1,0,1,1,0,0,0,0,0,0,NA,1,NA,1,NA,NA,1
189,DTXSID8034665,81334-34-1,Imazapyr,Scenario 3,0,0,0,0,1,0,0,0,1,0,1,142,1,1,0,1,1,0,NA,NA,1,1,0,1,1,1,1,1,1,1,1,0,1,1,0,0,0,0,0,0,NA,1,NA,1,NA,NA,1
190,DTXSID8034877,53112-28-0,Pyrimethanil,Scenario 3,0,0,0,0,1,0,0,1,1,1,2,292,1,1,0,1,1,1,NA,NA,1,1,0,1,1,1,1,1,1,1,1,0,1,1,0,0,0,0,0,0,NA,1,NA,1,NA,NA,1
191,DTXSID9020160,82657-04-3,Bifenthrin,Scenario 3,0,0,0,0,1,0,0,0,0,1,0,1466,1,1,0,1,1,1,NA,NA,1,1,0,1,1,1,1,1,1,1,1,0,1,0,0,0,0,0,0,0,NA,1,NA,1,NA,NA,1
192,DTXSID9020582,91-53-2,Ethoxyquin,Scenario 3,0,0,0,0,1,0,0,1,1,1,2,145,1,1,0,1,1,1,1,0,1,1,1,1,1,1,1,1,1,1,1,0,1,1,0,0,0,0,0,0,NA,1,1,1,NA,NA,1
193,DTXSID9021976,122-99-6,2-Phenoxyethanol,Scenario 3,0,0,0,0,1,0,0,0,0,1,0,124,1,1,0,1,1,1,1,0,1,1,0,1,1,1,1,1,1,1,1,0,1,0,0,0,0,0,0,0,NA,1,1,1,NA,NA,1
194,DTXSID9022360,140-66-9,"4-(1,1,3,3-Tetramethylbutyl)phenol",Scenario 3,0,0,0,0,1,0,0,0,1,1,1,218,1,1,1,1,1,1,0,0,1,1,1,1,1,1,1,1,1,1,1,1,1,0,0,0,0,0,0,0,NA,1,1,1,NA,NA,1
195,DTXSID9023881,74115-24-5,Clofentezine,Scenario 3,0,0,0,0,1,0,0,0,1,0,1,214,1,1,0,1,1,1,NA,NA,1,1,0,1,1,1,1,1,1,1,1,0,1,1,0,0,0,0,0,0,NA,1,NA,1,NA,NA,1
196,DTXSID9024063,576-26-1,"2,6-Dimethylphenol",Scenario 3,0,0,0,0,1,0,0,0,0,1,0,156,1,1,0,1,1,1,1,0,1,1,1,1,1,1,1,1,1,1,1,0,1,0,0,0,0,0,0,0,NA,1,1,1,NA,NA,1
197,DTXSID9027441,1843-05-6,Octabenzone,Scenario 3,0,0,0,0,1,0,0,0,1,1,1,9,1,1,0,1,1,1,0,0,1,1,0,1,1,1,1,1,1,1,1,1,1,1,0,0,0,0,0,0,NA,1,1,1,NA,NA,1
198,DTXSID9032327,22781-23-3,Bendiocarb,Scenario 3,0,0,0,0,1,0,0,1,1,1,2,215,1,1,0,1,1,1,NA,NA,1,1,0,1,1,1,1,1,1,1,1,1,1,1,0,0,0,0,0,0,NA,1,NA,1,NA,NA,1
199,DTXSID9032379,97886-45-8,Dithiopyr,Scenario 3,0,0,0,0,0,0,0,0,1,1,1,320,1,1,0,1,1,1,NA,NA,1,1,0,1,1,1,1,1,1,1,1,0,1,1,0,0,0,0,0,0,NA,1,NA,1,NA,NA,1
201,DTXSID7048168,129299-90-7,Fabesetron hydrochloride,Scenario 1b,0,0,0,0,0,0,0,0,1,0,1,NA,1,1,0,1,1,0,NA,NA,1,1,0,1,NA,1,1,0,1,1,1,0,1,0,0,0,0,0,0,0,NA,1,NA,1,NA,NA,1
2,DTXSID0040127,141-86-6,"2,6-Diaminopyridine",HealthCanada,0,0,0,0,0,0,0,0,0,1,0,18,1,1,0,0,1,0,0,0,1,0,0,0,1,1,1,0,0,0,1,0,1,0,0,0,0,1,0,0,NA,NA,1,1,1,NA,2
3,DTXSID1025302,5466-77-3,Octinoxate,HealthCanada,0,0,0,0,0,0,0,0,0,1,0,5,1,1,0,1,1,0,1,0,1,1,0,1,1,1,1,0,0,0,0,0,1,0,0,0,0,1,0,0,NA,NA,1,1,1,NA,2
8,DTXSID6020062,99-57-0,2-Amino-4-nitrophenol,HealthCanada,0,0,0,0,1,1,0,0,0,1,1,57,1,1,0,0,1,0,0,0,1,0,0,0,1,1,1,0,0,0,0,0,1,0,0,0,0,1,0,0,NA,NA,1,1,1,NA,2
15,DTXSID9020241,404-86-4,Capsaicin,HealthCanada,0,0,0,0,1,0,0,0,1,1,1,81,1,1,1,1,1,0,1,0,1,0,0,1,1,1,1,0,0,0,0,0,1,0,0,0,0,1,0,0,NA,NA,1,1,1,NA,2
17,DTXSID9022445,620-92-8,Bis(4-hydroxyphenyl)methane,HealthCanada,0,0,0,0,1,0,0,0,1,1,1,10,1,1,0,1,1,1,1,0,1,0,0,1,1,1,1,0,0,0,1,0,1,0,1,1,0,0,0,0,NA,1,1,1,1,NA,2
29,DTXSID0023745,58-86-6,D-Xylose,Scenario 1b,0,0,0,0,1,0,0,0,1,0,1,10,1,1,0,0,1,0,1,0,1,0,0,0,1,1,1,1,1,0,0,0,1,0,0,0,0,0,0,1,NA,NA,1,1,NA,1,2
31,DTXSID0044494,102-20-5,2-Phenylethyl phenylacetate,Scenario 1b,0,0,0,0,1,0,0,0,0,1,0,12,1,1,0,1,1,0,1,0,1,0,0,1,1,1,1,0,0,0,0,0,1,0,0,0,0,0,1,0,0,NA,1,1,NA,1,2
33,DTXSID0044818,2/8/3913,2-Butyloctan-1-ol,Scenario 1b,0,0,0,0,1,0,0,0,0,0,0,29,1,1,0,0,1,0,0,0,1,0,0,0,1,1,1,0,1,0,0,0,1,0,0,0,0,0,1,0,0,NA,1,1,NA,1,2
34,DTXSID0044997,88-27-7,"2,6-Di-tert-butyl-4-[(dimethylamino)methyl]phenol",Scenario 1b,0,0,0,0,1,0,0,0,0,1,0,9,1,1,0,0,1,0,0,0,1,0,0,0,1,1,1,0,0,0,0,0,1,0,0,0,0,0,1,0,0,NA,1,1,NA,1,2
36,DTXSID1020142,91-76-9,"6-Phenyl-1,3,5-triazine-2,4-diamine",Scenario 1b,0,0,0,0,1,0,0,0,0,1,0,25,1,1,0,0,1,0,0,0,1,0,0,0,1,1,1,0,0,0,0,0,1,0,0,0,0,0,1,0,0,NA,1,1,NA,1,2
40,DTXSID1044352,101-41-7,Methyl phenylacetate,Scenario 1b,0,0,0,0,1,0,0,0,0,1,0,10,1,1,0,1,1,0,1,0,1,0,0,1,1,1,1,0,0,0,0,0,1,0,0,0,0,0,1,0,0,NA,1,1,NA,1,2
41,DTXSID1044354,102-79-4,N-Butyldiethanolamine,Scenario 1b,0,0,0,0,1,0,0,0,0,1,0,9,1,1,0,0,1,0,1,0,1,0,0,0,1,1,1,0,0,0,0,0,1,0,0,0,0,0,1,0,0,NA,1,1,NA,1,2
42,DTXSID1044934,3923-79-3,"4,5-Dihydroxy-1,3-dimethylimidazolidin-2-one",Scenario 1b,0,0,0,0,1,0,0,0,0,0,0,NA,1,1,0,0,1,0,1,0,1,0,0,0,NA,1,1,0,0,0,0,0,1,0,0,0,0,0,1,0,0,NA,1,1,NA,1,2
44,DTXSID2024666,110-63-4,"1,4-Butanediol",Scenario 1b,0,0,0,0,1,0,0,0,0,0,0,52,1,1,0,1,1,0,1,0,1,0,0,1,1,1,1,1,1,0,0,0,1,0,0,0,0,0,0,1,NA,NA,1,1,NA,1,2
47,DTXSID2029246,2943-75-1,Triethoxyoctylsilane,Scenario 1b,0,0,0,0,1,0,0,0,0,1,0,11,1,1,0,1,1,0,0,0,1,1,0,1,1,1,1,1,1,1,1,0,1,0,0,0,0,0,1,0,1,NA,1,1,NA,1,2
50,DTXSID3027792,17689-77-9,Ethyltriacetoxysilane,Scenario 1b,0,0,0,0,0,0,0,0,0,1,0,22,1,1,0,0,1,0,1,0,1,0,0,0,1,1,1,0,0,0,0,0,1,0,0,0,0,0,1,0,0,NA,1,1,NA,1,2
51,DTXSID3044463,78-08-0,Ethenyl(triethoxy)silane,Scenario 1b,0,0,0,0,1,0,0,0,0,1,0,27,1,1,0,0,1,0,1,0,1,0,0,0,1,1,1,0,0,0,1,0,1,0,0,0,0,0,1,0,0,NA,1,1,NA,1,2
53,DTXSID4041280,2226-96-2,"4-Hydroxy-2,2,6,6-tetramethylpiperidin-1-yl)oxidanyl",Scenario 1b,0,0,0,0,1,0,0,0,0,0,0,21,1,1,0,1,1,0,0,0,1,0,0,1,1,1,1,0,0,0,1,0,1,0,0,0,0,0,1,0,1,NA,1,1,NA,1,2
54,DTXSID4044400,1643-19-2,Tetrabutylammonium bromide,Scenario 1b,0,0,0,0,0,0,0,0,0,1,0,26,1,1,0,0,1,0,1,0,1,0,0,0,1,1,1,0,0,0,0,0,1,0,0,0,0,0,1,0,0,NA,1,1,NA,1,2
55,DTXSID4044791,122-63-4,Benzyl propanoate,Scenario 1b,0,0,0,0,1,0,0,0,0,1,0,18,1,1,0,1,1,0,1,0,1,0,0,1,1,1,1,0,0,0,0,0,1,0,0,0,0,0,1,0,1,NA,1,1,NA,1,2
56,DTXSID5021251,81-07-2,Saccharin,Scenario 1b,0,0,0,0,1,1,0,1,1,0,3,106,1,1,1,1,1,0,1,0,1,0,0,1,1,1,1,1,1,1,0,0,1,0,0,0,0,0,1,0,1,NA,1,1,NA,1,2
57,DTXSID5026706,104-66-5,"1,2-Diphenoxyethane",Scenario 1b,0,0,0,0,1,0,0,0,0,0,0,30,1,1,0,1,1,0,0,0,1,0,0,1,1,1,1,1,1,0,0,0,1,0,0,0,0,0,1,0,1,NA,1,1,NA,1,2
58,DTXSID5040700,2996-92-1,Trimethoxyphenylsilane,Scenario 1b,0,0,0,0,1,0,0,0,0,1,0,23,1,1,0,0,1,0,1,0,1,0,0,0,1,1,1,1,1,0,0,0,1,0,0,0,0,0,1,0,1,NA,1,1,NA,1,2
62,DTXSID6042490,2031-67-6,Triethoxymethylsilane,Scenario 1b,0,0,0,0,1,0,0,0,0,1,0,21,1,1,0,0,1,0,1,0,1,0,0,0,1,1,1,1,1,0,0,0,1,0,0,0,0,0,1,0,1,NA,1,1,NA,1,2
63,DTXSID6044357,105-13-5,(4-Methoxyphenyl)methanol,Scenario 1b,0,0,0,0,1,0,0,0,0,1,0,46,1,1,0,1,1,0,1,0,1,0,0,1,1,1,1,0,0,0,0,0,1,0,0,0,0,0,1,0,1,NA,1,1,NA,1,2
65,DTXSID7025219,25155-30-0,Sodium dodecylbenzenesulfonate,Scenario 1b,0,0,0,0,0,0,0,0,1,0,1,168,1,1,0,1,1,0,1,0,1,1,0,1,1,1,0,1,1,1,1,0,0,0,0,0,0,0,1,0,1,NA,1,1,NA,1,2
66,DTXSID7025502,78-70-6,Linalool,Scenario 1b,0,0,0,0,1,0,0,0,0,0,0,81,1,1,0,1,1,0,1,0,1,0,0,1,1,1,1,1,1,0,0,0,1,0,0,0,0,0,1,0,1,NA,1,1,NA,1,2
68,DTXSID7044427,4394-85-8,4-Morpholinecarboxaldehyde,Scenario 1b,0,0,0,0,1,0,0,0,0,0,0,20,1,1,0,0,1,0,0,0,1,0,0,0,1,1,1,0,0,0,0,0,1,0,0,0,0,0,1,0,0,NA,1,1,NA,1,2
69,DTXSID7044764,103-48-0,2-Phenylethyl 2-methylpropanoate,Scenario 1b,0,0,0,0,1,0,0,0,0,1,0,9,1,1,0,0,1,0,1,0,1,0,0,0,1,1,1,0,0,0,0,0,1,0,0,0,0,0,1,0,0,NA,1,1,NA,1,2
70,DTXSID7044922,11/2/3445,1-(2-Hydroxyethyl)pyrrolidin-2-one,Scenario 1b,0,0,0,0,1,0,0,0,0,1,0,3,1,1,0,0,1,0,0,0,1,0,0,0,1,1,1,0,0,0,0,0,1,0,0,0,0,0,1,0,0,NA,1,1,NA,1,2
77,DTXSID9042170,6425-39-4,"4,4'-(Oxydiethylene)bis(morpholine)",Scenario 1b,0,0,0,0,1,0,0,0,0,0,0,12,1,1,0,0,1,0,1,0,1,0,0,0,1,1,1,0,0,0,0,0,1,0,0,0,0,0,1,0,0,NA,1,1,NA,1,2
78,DTXSID9042382,682-01-9,Tetrapropyl orthosilicate,Scenario 1b,0,0,0,0,1,0,0,0,0,1,0,21,1,1,0,0,1,0,1,0,1,0,0,0,1,1,1,1,1,0,0,0,1,0,0,0,0,0,1,0,1,NA,1,1,NA,1,2
79,DTXSID9044374,122-00-9,p-Methylacetophenone,Scenario 1b,0,0,0,0,1,0,0,0,0,1,0,28,1,1,0,0,1,0,1,0,1,0,0,0,1,1,1,0,0,0,0,0,1,0,0,0,0,0,1,0,0,NA,1,1,NA,1,2
81,DTXSID9044821,5232-99-5,"Ethyl 2-cyano-3,3-diphenylacrylate",Scenario 1b,0,0,0,0,1,0,0,0,0,1,0,NA,1,1,0,0,1,0,1,0,1,0,0,0,NA,1,1,0,0,0,0,0,1,0,0,0,0,0,1,0,0,NA,1,1,NA,1,2
91,DTXSID0022436,126-00-1,Diphenolic acid,Scenario 2,0,0,0,0,1,0,0,0,0,1,0,NA,1,1,0,0,1,0,NA,NA,1,0,0,0,NA,1,1,1,1,0,0,0,1,1,0,1,0,0,0,0,NA,1,NA,1,1,NA,2
124,DTXSID1021166,51-03-6,Piperonyl butoxide,Scenario 3,0,0,0,0,1,0,0,0,0,1,0,864,1,1,0,1,1,1,0,0,1,1,0,1,1,1,1,1,1,1,1,0,1,0,0,0,0,0,1,0,0,1,1,1,NA,1,2
37,DTXSID1027134,298-07-7,Bis(2-ethylhexyl) phosphate,Scenario 1b,0,0,0,0,1,0,0,1,0,1,1,55,1,1,0,0,1,0,0,0,1,0,0,0,1,1,1,1,1,0,0,0,1,0,1,0,0,0,1,0,1,NA,1,1,1,1,3
45,DTXSID2025050,111-40-0,Diethylenetriamine,Scenario 1b,0,0,0,0,1,0,0,0,1,0,1,76,1,1,0,0,1,0,0,0,1,0,0,0,1,1,1,1,1,0,0,0,1,0,1,0,0,0,0,1,NA,NA,1,1,1,1,3
46,DTXSID2025892,90-30-2,N-Phenyl-1-naphthylamine,Scenario 1b,0,0,0,0,1,1,0,1,1,1,3,21,1,1,0,0,1,0,0,0,1,0,0,0,1,1,1,1,1,0,0,0,1,1,1,0,0,0,1,0,1,1,1,1,1,1,3
75,DTXSID9021639,124-19-6,Nonanal,Scenario 1b,0,0,0,0,1,0,0,0,0,0,0,51,1,1,0,1,1,0,0,0,1,0,0,1,1,1,1,1,1,0,1,0,1,0,1,0,0,0,1,0,1,NA,1,1,1,1,3
